[
  {
    "model": "auth.permission",
    "pk": 1,
    "fields": { "name": "Can add log entry", "content_type": 1, "codename": "add_logentry" }
  },
  {
    "model": "auth.permission",
    "pk": 2,
    "fields": { "name": "Can change log entry", "content_type": 1, "codename": "change_logentry" }
  },
  {
    "model": "auth.permission",
    "pk": 3,
    "fields": { "name": "Can delete log entry", "content_type": 1, "codename": "delete_logentry" }
  },
  {
    "model": "auth.permission",
    "pk": 4,
    "fields": { "name": "Can view log entry", "content_type": 1, "codename": "view_logentry" }
  },
  {
    "model": "auth.permission",
    "pk": 5,
    "fields": { "name": "Can add permission", "content_type": 2, "codename": "add_permission" }
  },
  {
    "model": "auth.permission",
    "pk": 6,
    "fields": {
      "name": "Can change permission",
      "content_type": 2,
      "codename": "change_permission"
    }
  },
  {
    "model": "auth.permission",
    "pk": 7,
    "fields": {
      "name": "Can delete permission",
      "content_type": 2,
      "codename": "delete_permission"
    }
  },
  {
    "model": "auth.permission",
    "pk": 8,
    "fields": { "name": "Can view permission", "content_type": 2, "codename": "view_permission" }
  },
  {
    "model": "auth.permission",
    "pk": 9,
    "fields": { "name": "Can add group", "content_type": 3, "codename": "add_group" }
  },
  {
    "model": "auth.permission",
    "pk": 10,
    "fields": { "name": "Can change group", "content_type": 3, "codename": "change_group" }
  },
  {
    "model": "auth.permission",
    "pk": 11,
    "fields": { "name": "Can delete group", "content_type": 3, "codename": "delete_group" }
  },
  {
    "model": "auth.permission",
    "pk": 12,
    "fields": { "name": "Can view group", "content_type": 3, "codename": "view_group" }
  },
  {
    "model": "auth.permission",
    "pk": 13,
    "fields": { "name": "Can add user", "content_type": 4, "codename": "add_user" }
  },
  {
    "model": "auth.permission",
    "pk": 14,
    "fields": { "name": "Can change user", "content_type": 4, "codename": "change_user" }
  },
  {
    "model": "auth.permission",
    "pk": 15,
    "fields": { "name": "Can delete user", "content_type": 4, "codename": "delete_user" }
  },
  {
    "model": "auth.permission",
    "pk": 16,
    "fields": { "name": "Can view user", "content_type": 4, "codename": "view_user" }
  },
  {
    "model": "auth.permission",
    "pk": 17,
    "fields": { "name": "Can add content type", "content_type": 5, "codename": "add_contenttype" }
  },
  {
    "model": "auth.permission",
    "pk": 18,
    "fields": {
      "name": "Can change content type",
      "content_type": 5,
      "codename": "change_contenttype"
    }
  },
  {
    "model": "auth.permission",
    "pk": 19,
    "fields": {
      "name": "Can delete content type",
      "content_type": 5,
      "codename": "delete_contenttype"
    }
  },
  {
    "model": "auth.permission",
    "pk": 20,
    "fields": {
      "name": "Can view content type",
      "content_type": 5,
      "codename": "view_contenttype"
    }
  },
  {
    "model": "auth.permission",
    "pk": 21,
    "fields": { "name": "Can add session", "content_type": 6, "codename": "add_session" }
  },
  {
    "model": "auth.permission",
    "pk": 22,
    "fields": { "name": "Can change session", "content_type": 6, "codename": "change_session" }
  },
  {
    "model": "auth.permission",
    "pk": 23,
    "fields": { "name": "Can delete session", "content_type": 6, "codename": "delete_session" }
  },
  {
    "model": "auth.permission",
    "pk": 24,
    "fields": { "name": "Can view session", "content_type": 6, "codename": "view_session" }
  },
  {
    "model": "auth.permission",
    "pk": 25,
    "fields": { "name": "Can add album", "content_type": 7, "codename": "add_album" }
  },
  {
    "model": "auth.permission",
    "pk": 26,
    "fields": { "name": "Can change album", "content_type": 7, "codename": "change_album" }
  },
  {
    "model": "auth.permission",
    "pk": 27,
    "fields": { "name": "Can delete album", "content_type": 7, "codename": "delete_album" }
  },
  {
    "model": "auth.permission",
    "pk": 28,
    "fields": { "name": "Can view album", "content_type": 7, "codename": "view_album" }
  },
  {
    "model": "auth.permission",
    "pk": 29,
    "fields": { "name": "Can add Folder", "content_type": 8, "codename": "add_imagefolder" }
  },
  {
    "model": "auth.permission",
    "pk": 30,
    "fields": { "name": "Can change Folder", "content_type": 8, "codename": "change_imagefolder" }
  },
  {
    "model": "auth.permission",
    "pk": 31,
    "fields": { "name": "Can delete Folder", "content_type": 8, "codename": "delete_imagefolder" }
  },
  {
    "model": "auth.permission",
    "pk": 32,
    "fields": { "name": "Can view Folder", "content_type": 8, "codename": "view_imagefolder" }
  },
  {
    "model": "auth.permission",
    "pk": 33,
    "fields": { "name": "Can add image", "content_type": 9, "codename": "add_image" }
  },
  {
    "model": "auth.permission",
    "pk": 34,
    "fields": { "name": "Can change image", "content_type": 9, "codename": "change_image" }
  },
  {
    "model": "auth.permission",
    "pk": 35,
    "fields": { "name": "Can delete image", "content_type": 9, "codename": "delete_image" }
  },
  {
    "model": "auth.permission",
    "pk": 36,
    "fields": { "name": "Can view image", "content_type": 9, "codename": "view_image" }
  },
  {
    "model": "auth.permission",
    "pk": 37,
    "fields": {
      "name": "Can add image in album",
      "content_type": 10,
      "codename": "add_imageinalbum"
    }
  },
  {
    "model": "auth.permission",
    "pk": 38,
    "fields": {
      "name": "Can change image in album",
      "content_type": 10,
      "codename": "change_imageinalbum"
    }
  },
  {
    "model": "auth.permission",
    "pk": 39,
    "fields": {
      "name": "Can delete image in album",
      "content_type": 10,
      "codename": "delete_imageinalbum"
    }
  },
  {
    "model": "auth.permission",
    "pk": 40,
    "fields": {
      "name": "Can view image in album",
      "content_type": 10,
      "codename": "view_imageinalbum"
    }
  },
  {
    "model": "auth.permission",
    "pk": 41,
    "fields": { "name": "Can add image source", "content_type": 11, "codename": "add_imagesource" }
  },
  {
    "model": "auth.permission",
    "pk": 42,
    "fields": {
      "name": "Can change image source",
      "content_type": 11,
      "codename": "change_imagesource"
    }
  },
  {
    "model": "auth.permission",
    "pk": 43,
    "fields": {
      "name": "Can delete image source",
      "content_type": 11,
      "codename": "delete_imagesource"
    }
  },
  {
    "model": "auth.permission",
    "pk": 44,
    "fields": {
      "name": "Can view image source",
      "content_type": 11,
      "codename": "view_imagesource"
    }
  },
  {
    "model": "auth.permission",
    "pk": 45,
    "fields": { "name": "Can add person", "content_type": 12, "codename": "add_person" }
  },
  {
    "model": "auth.permission",
    "pk": 46,
    "fields": { "name": "Can change person", "content_type": 12, "codename": "change_person" }
  },
  {
    "model": "auth.permission",
    "pk": 47,
    "fields": { "name": "Can delete person", "content_type": 12, "codename": "delete_person" }
  },
  {
    "model": "auth.permission",
    "pk": 48,
    "fields": { "name": "Can view person", "content_type": 12, "codename": "view_person" }
  },
  {
    "model": "auth.permission",
    "pk": 49,
    "fields": {
      "name": "Can add person in image",
      "content_type": 13,
      "codename": "add_personinimage"
    }
  },
  {
    "model": "auth.permission",
    "pk": 50,
    "fields": {
      "name": "Can change person in image",
      "content_type": 13,
      "codename": "change_personinimage"
    }
  },
  {
    "model": "auth.permission",
    "pk": 51,
    "fields": {
      "name": "Can delete person in image",
      "content_type": 13,
      "codename": "delete_personinimage"
    }
  },
  {
    "model": "auth.permission",
    "pk": 52,
    "fields": {
      "name": "Can view person in image",
      "content_type": 13,
      "codename": "view_personinimage"
    }
  },
  {
    "model": "auth.permission",
    "pk": 53,
    "fields": { "name": "Can add pet", "content_type": 14, "codename": "add_pet" }
  },
  {
    "model": "auth.permission",
    "pk": 54,
    "fields": { "name": "Can change pet", "content_type": 14, "codename": "change_pet" }
  },
  {
    "model": "auth.permission",
    "pk": 55,
    "fields": { "name": "Can delete pet", "content_type": 14, "codename": "delete_pet" }
  },
  {
    "model": "auth.permission",
    "pk": 56,
    "fields": { "name": "Can view pet", "content_type": 14, "codename": "view_pet" }
  },
  {
    "model": "auth.permission",
    "pk": 57,
    "fields": { "name": "Can add pet in image", "content_type": 15, "codename": "add_petinimage" }
  },
  {
    "model": "auth.permission",
    "pk": 58,
    "fields": {
      "name": "Can change pet in image",
      "content_type": 15,
      "codename": "change_petinimage"
    }
  },
  {
    "model": "auth.permission",
    "pk": 59,
    "fields": {
      "name": "Can delete pet in image",
      "content_type": 15,
      "codename": "delete_petinimage"
    }
  },
  {
    "model": "auth.permission",
    "pk": 60,
    "fields": {
      "name": "Can view pet in image",
      "content_type": 15,
      "codename": "view_petinimage"
    }
  },
  {
    "model": "auth.permission",
    "pk": 61,
    "fields": { "name": "Can add rough date", "content_type": 16, "codename": "add_roughdate" }
  },
  {
    "model": "auth.permission",
    "pk": 62,
    "fields": {
      "name": "Can change rough date",
      "content_type": 16,
      "codename": "change_roughdate"
    }
  },
  {
    "model": "auth.permission",
    "pk": 63,
    "fields": {
      "name": "Can delete rough date",
      "content_type": 16,
      "codename": "delete_roughdate"
    }
  },
  {
    "model": "auth.permission",
    "pk": 64,
    "fields": { "name": "Can view rough date", "content_type": 16, "codename": "view_roughdate" }
  },
  {
    "model": "auth.permission",
    "pk": 65,
    "fields": {
      "name": "Can add rough location",
      "content_type": 17,
      "codename": "add_roughlocation"
    }
  },
  {
    "model": "auth.permission",
    "pk": 66,
    "fields": {
      "name": "Can change rough location",
      "content_type": 17,
      "codename": "change_roughlocation"
    }
  },
  {
    "model": "auth.permission",
    "pk": 67,
    "fields": {
      "name": "Can delete rough location",
      "content_type": 17,
      "codename": "delete_roughlocation"
    }
  },
  {
    "model": "auth.permission",
    "pk": 68,
    "fields": {
      "name": "Can view rough location",
      "content_type": 17,
      "codename": "view_roughlocation"
    }
  },
  {
    "model": "auth.permission",
    "pk": 69,
    "fields": { "name": "Can add Tag", "content_type": 18, "codename": "add_tag" }
  },
  {
    "model": "auth.permission",
    "pk": 70,
    "fields": { "name": "Can change Tag", "content_type": 18, "codename": "change_tag" }
  },
  {
    "model": "auth.permission",
    "pk": 71,
    "fields": { "name": "Can delete Tag", "content_type": 18, "codename": "delete_tag" }
  },
  {
    "model": "auth.permission",
    "pk": 72,
    "fields": { "name": "Can view Tag", "content_type": 18, "codename": "view_tag" }
  },
  {
    "model": "auth.permission",
    "pk": 73,
    "fields": { "name": "Can add tag on image", "content_type": 19, "codename": "add_tagonimage" }
  },
  {
    "model": "auth.permission",
    "pk": 74,
    "fields": {
      "name": "Can change tag on image",
      "content_type": 19,
      "codename": "change_tagonimage"
    }
  },
  {
    "model": "auth.permission",
    "pk": 75,
    "fields": {
      "name": "Can delete tag on image",
      "content_type": 19,
      "codename": "delete_tagonimage"
    }
  },
  {
    "model": "auth.permission",
    "pk": 76,
    "fields": {
      "name": "Can view tag on image",
      "content_type": 19,
      "codename": "view_tagonimage"
    }
  },
  {
    "model": "auth.permission",
    "pk": 77,
    "fields": { "name": "Can add user profile", "content_type": 20, "codename": "add_userprofile" }
  },
  {
    "model": "auth.permission",
    "pk": 78,
    "fields": {
      "name": "Can change user profile",
      "content_type": 20,
      "codename": "change_userprofile"
    }
  },
  {
    "model": "auth.permission",
    "pk": 79,
    "fields": {
      "name": "Can delete user profile",
      "content_type": 20,
      "codename": "delete_userprofile"
    }
  },
  {
    "model": "auth.permission",
    "pk": 80,
    "fields": {
      "name": "Can view user profile",
      "content_type": 20,
      "codename": "view_userprofile"
    }
  },
  { "model": "auth.group", "pk": 1, "fields": { "name": "Anderson Viewers", "permissions": [] } },
  { "model": "auth.group", "pk": 2, "fields": { "name": "Anderson Editors", "permissions": [] } },
  {
    "model": "auth.user",
    "pk": 1,
    "fields": {
      "password": "pbkdf2_sha256$1000000$X0cxiiuhbMWZWSAznz5hZ0$IgvtT6I7W3d+33hujW19oJgHHOzlONrImzL62kuQTEc=",
      "last_login": null,
      "is_superuser": true,
      "username": "trenton",
      "first_name": "",
      "last_name": "",
      "email": "",
      "is_staff": true,
      "is_active": true,
      "date_joined": "2025-05-06T14:30:21.877Z",
      "groups": [],
      "user_permissions": []
    }
  },
  {
    "model": "contenttypes.contenttype",
    "pk": 1,
    "fields": { "app_label": "admin", "model": "logentry" }
  },
  {
    "model": "contenttypes.contenttype",
    "pk": 2,
    "fields": { "app_label": "auth", "model": "permission" }
  },
  {
    "model": "contenttypes.contenttype",
    "pk": 3,
    "fields": { "app_label": "auth", "model": "group" }
  },
  {
    "model": "contenttypes.contenttype",
    "pk": 4,
    "fields": { "app_label": "auth", "model": "user" }
  },
  {
    "model": "contenttypes.contenttype",
    "pk": 5,
    "fields": { "app_label": "contenttypes", "model": "contenttype" }
  },
  {
    "model": "contenttypes.contenttype",
    "pk": 6,
    "fields": { "app_label": "sessions", "model": "session" }
  },
  {
    "model": "contenttypes.contenttype",
    "pk": 7,
    "fields": { "app_label": "memoria", "model": "album" }
  },
  {
    "model": "contenttypes.contenttype",
    "pk": 8,
    "fields": { "app_label": "memoria", "model": "imagefolder" }
  },
  {
    "model": "contenttypes.contenttype",
    "pk": 9,
    "fields": { "app_label": "memoria", "model": "image" }
  },
  {
    "model": "contenttypes.contenttype",
    "pk": 10,
    "fields": { "app_label": "memoria", "model": "imageinalbum" }
  },
  {
    "model": "contenttypes.contenttype",
    "pk": 11,
    "fields": { "app_label": "memoria", "model": "imagesource" }
  },
  {
    "model": "contenttypes.contenttype",
    "pk": 12,
    "fields": { "app_label": "memoria", "model": "person" }
  },
  {
    "model": "contenttypes.contenttype",
    "pk": 13,
    "fields": { "app_label": "memoria", "model": "personinimage" }
  },
  {
    "model": "contenttypes.contenttype",
    "pk": 14,
    "fields": { "app_label": "memoria", "model": "pet" }
  },
  {
    "model": "contenttypes.contenttype",
    "pk": 15,
    "fields": { "app_label": "memoria", "model": "petinimage" }
  },
  {
    "model": "contenttypes.contenttype",
    "pk": 16,
    "fields": { "app_label": "memoria", "model": "roughdate" }
  },
  {
    "model": "contenttypes.contenttype",
    "pk": 17,
    "fields": { "app_label": "memoria", "model": "roughlocation" }
  },
  {
    "model": "contenttypes.contenttype",
    "pk": 18,
    "fields": { "app_label": "memoria", "model": "tag" }
  },
  {
    "model": "contenttypes.contenttype",
    "pk": 19,
    "fields": { "app_label": "memoria", "model": "tagonimage" }
  },
  {
    "model": "contenttypes.contenttype",
    "pk": 20,
    "fields": { "app_label": "memoria", "model": "userprofile" }
  },
  {
    "model": "memoria.person",
    "pk": 1,
    "fields": {
      "created_at": "2025-05-06T14:11:36.186Z",
      "updated_at": "2025-05-06T14:11:36.186Z",
      "name": "Sarah Holmes (Anderson)",
      "description": null,
      "view_groups": [],
      "edit_groups": []
    }
  },
  {
    "model": "memoria.person",
    "pk": 2,
    "fields": {
      "created_at": "2025-05-06T14:12:30.242Z",
      "updated_at": "2025-05-06T14:12:30.242Z",
      "name": "Angelica Metcalfe",
      "description": null,
      "view_groups": [],
      "edit_groups": []
    }
  },
  {
    "model": "memoria.person",
    "pk": 3,
    "fields": {
      "created_at": "2025-05-06T14:12:30.244Z",
      "updated_at": "2025-05-06T14:12:30.244Z",
      "name": "Elizabeth Kaiser",
      "description": null,
      "view_groups": [],
      "edit_groups": []
    }
  },
  {
    "model": "memoria.person",
    "pk": 4,
    "fields": {
      "created_at": "2025-05-06T14:15:52.260Z",
      "updated_at": "2025-05-06T14:15:52.260Z",
      "name": "Natilie Gordon (Wilson)",
      "description": null,
      "view_groups": [],
      "edit_groups": []
    }
  },
  {
    "model": "memoria.person",
    "pk": 5,
    "fields": {
      "created_at": "2025-05-06T14:15:56.623Z",
      "updated_at": "2025-05-06T14:15:56.623Z",
      "name": "Lisa Anderson (Lind)",
      "description": null,
      "view_groups": [],
      "edit_groups": []
    }
  },
  {
    "model": "memoria.person",
    "pk": 6,
    "fields": {
      "created_at": "2025-05-06T14:16:08.311Z",
      "updated_at": "2025-05-06T14:16:08.311Z",
      "name": "Donald Anderson",
      "description": null,
      "view_groups": [],
      "edit_groups": []
    }
  },
  {
    "model": "memoria.person",
    "pk": 7,
    "fields": {
      "created_at": "2025-05-06T14:19:25.051Z",
      "updated_at": "2025-05-06T14:19:25.051Z",
      "name": "Donald Lind",
      "description": null,
      "view_groups": [],
      "edit_groups": []
    }
  },
  {
    "model": "memoria.person",
    "pk": 8,
    "fields": {
      "created_at": "2025-05-06T14:19:25.053Z",
      "updated_at": "2025-05-06T14:19:25.053Z",
      "name": "Forest Metcalfe",
      "description": null,
      "view_groups": [],
      "edit_groups": []
    }
  },
  {
    "model": "memoria.person",
    "pk": 9,
    "fields": {
      "created_at": "2025-05-06T14:19:25.056Z",
      "updated_at": "2025-05-06T14:19:25.056Z",
      "name": "Margaret Lind",
      "description": null,
      "view_groups": [],
      "edit_groups": []
    }
  },
  {
    "model": "memoria.person",
    "pk": 10,
    "fields": {
      "created_at": "2025-05-06T14:19:47.961Z",
      "updated_at": "2025-05-06T14:19:47.961Z",
      "name": "Susan Metcalfe (Lind)",
      "description": null,
      "view_groups": [],
      "edit_groups": []
    }
  },
  {
    "model": "memoria.personinimage",
    "pk": 1,
    "fields": {
      "created_at": "2025-05-06T14:11:36.188Z",
      "updated_at": "2025-05-06T14:11:36.188Z",
      "image": 1,
      "center_x": 0.551398,
      "center_y": 0.24036,
      "height": 0.0580469,
      "width": 0.0645963,
      "description": null,
      "person": 1,
      "exclude_from_training": false
    }
  },
  {
    "model": "memoria.personinimage",
    "pk": 2,
    "fields": {
      "created_at": "2025-05-06T14:11:47.999Z",
      "updated_at": "2025-05-06T14:11:47.999Z",
      "image": 2,
      "center_x": 0.458965,
      "center_y": 0.465292,
      "height": 0.0661462,
      "width": 0.0820707,
      "description": null,
      "person": 1,
      "exclude_from_training": false
    }
  },
  {
    "model": "memoria.personinimage",
    "pk": 3,
    "fields": {
      "created_at": "2025-05-06T14:12:00.498Z",
      "updated_at": "2025-05-06T14:12:00.498Z",
      "image": 3,
      "center_x": 0.584621,
      "center_y": 0.402448,
      "height": 0.127466,
      "width": 0.130442,
      "description": null,
      "person": 1,
      "exclude_from_training": false
    }
  },
  {
    "model": "memoria.personinimage",
    "pk": 4,
    "fields": {
      "created_at": "2025-05-06T14:12:30.244Z",
      "updated_at": "2025-05-06T14:12:30.244Z",
      "image": 6,
      "center_x": 0.656458,
      "center_y": 0.415434,
      "height": 0.0833204,
      "width": 0.0452001,
      "description": null,
      "person": 2,
      "exclude_from_training": false
    }
  },
  {
    "model": "memoria.personinimage",
    "pk": 5,
    "fields": {
      "created_at": "2025-05-06T14:12:30.245Z",
      "updated_at": "2025-05-06T14:12:30.245Z",
      "image": 6,
      "center_x": 0.48305,
      "center_y": 0.350023,
      "height": 0.0904843,
      "width": 0.0500581,
      "description": null,
      "person": 3,
      "exclude_from_training": false
    }
  },
  {
    "model": "memoria.personinimage",
    "pk": 6,
    "fields": {
      "created_at": "2025-05-06T14:12:30.246Z",
      "updated_at": "2025-05-06T14:12:30.246Z",
      "image": 6,
      "center_x": 0.291108,
      "center_y": 0.303535,
      "height": 0.0881483,
      "width": 0.0467842,
      "description": null,
      "person": 1,
      "exclude_from_training": false
    }
  },
  {
    "model": "memoria.personinimage",
    "pk": 7,
    "fields": {
      "created_at": "2025-05-06T14:12:43.260Z",
      "updated_at": "2025-05-06T14:12:43.260Z",
      "image": 7,
      "center_x": 0.704356,
      "center_y": 0.389569,
      "height": 0.0848627,
      "width": 0.0452267,
      "description": null,
      "person": 2,
      "exclude_from_training": false
    }
  },
  {
    "model": "memoria.personinimage",
    "pk": 8,
    "fields": {
      "created_at": "2025-05-06T14:12:43.260Z",
      "updated_at": "2025-05-06T14:12:43.260Z",
      "image": 7,
      "center_x": 0.288385,
      "center_y": 0.262196,
      "height": 0.0873725,
      "width": 0.0436599,
      "description": null,
      "person": 1,
      "exclude_from_training": false
    }
  },
  {
    "model": "memoria.personinimage",
    "pk": 9,
    "fields": {
      "created_at": "2025-05-06T14:12:55.969Z",
      "updated_at": "2025-05-06T14:12:55.969Z",
      "image": 8,
      "center_x": 0.433844,
      "center_y": 0.516661,
      "height": 0.0619745,
      "width": 0.032207,
      "description": null,
      "person": 2,
      "exclude_from_training": false
    }
  },
  {
    "model": "memoria.personinimage",
    "pk": 10,
    "fields": {
      "created_at": "2025-05-06T14:12:55.970Z",
      "updated_at": "2025-05-06T14:12:55.970Z",
      "image": 8,
      "center_x": 0.54113,
      "center_y": 0.488088,
      "height": 0.0618187,
      "width": 0.0338965,
      "description": null,
      "person": 1,
      "exclude_from_training": false
    }
  },
  {
    "model": "memoria.personinimage",
    "pk": 11,
    "fields": {
      "created_at": "2025-05-06T14:13:08.536Z",
      "updated_at": "2025-05-06T14:13:08.536Z",
      "image": 9,
      "center_x": 0.535449,
      "center_y": 0.490212,
      "height": 0.0315756,
      "width": 0.0161273,
      "description": null,
      "person": 2,
      "exclude_from_training": false
    }
  },
  {
    "model": "memoria.personinimage",
    "pk": 12,
    "fields": {
      "created_at": "2025-05-06T14:13:08.536Z",
      "updated_at": "2025-05-06T14:13:08.536Z",
      "image": 9,
      "center_x": 0.490313,
      "center_y": 0.457373,
      "height": 0.0341017,
      "width": 0.0161273,
      "description": null,
      "person": 1,
      "exclude_from_training": false
    }
  },
  {
    "model": "memoria.personinimage",
    "pk": 13,
    "fields": {
      "created_at": "2025-05-06T14:13:20.302Z",
      "updated_at": "2025-05-06T14:13:20.302Z",
      "image": 10,
      "center_x": 0.272555,
      "center_y": 0.371634,
      "height": 0.0623043,
      "width": 0.0322513,
      "description": null,
      "person": 2,
      "exclude_from_training": false
    }
  },
  {
    "model": "memoria.personinimage",
    "pk": 14,
    "fields": {
      "created_at": "2025-05-06T14:13:20.303Z",
      "updated_at": "2025-05-06T14:13:20.303Z",
      "image": 10,
      "center_x": 0.597597,
      "center_y": 0.302207,
      "height": 0.0671572,
      "width": 0.0370995,
      "description": null,
      "person": 1,
      "exclude_from_training": false
    }
  },
  {
    "model": "memoria.personinimage",
    "pk": 15,
    "fields": {
      "created_at": "2025-05-06T14:13:35.935Z",
      "updated_at": "2025-05-06T14:13:35.935Z",
      "image": 11,
      "center_x": 0.723377,
      "center_y": 0.455341,
      "height": 0.145488,
      "width": 0.0823219,
      "description": null,
      "person": 2,
      "exclude_from_training": false
    }
  },
  {
    "model": "memoria.personinimage",
    "pk": 16,
    "fields": {
      "created_at": "2025-05-06T14:13:35.936Z",
      "updated_at": "2025-05-06T14:13:35.936Z",
      "image": 11,
      "center_x": 0.412929,
      "center_y": 0.273481,
      "height": 0.152548,
      "width": 0.083905,
      "description": null,
      "person": 1,
      "exclude_from_training": false
    }
  },
  {
    "model": "memoria.personinimage",
    "pk": 17,
    "fields": {
      "created_at": "2025-05-06T14:13:48.604Z",
      "updated_at": "2025-05-06T14:13:48.604Z",
      "image": 12,
      "center_x": 0.496729,
      "center_y": 0.484358,
      "height": 0.0652552,
      "width": 0.0354505,
      "description": null,
      "person": 2,
      "exclude_from_training": false
    }
  },
  {
    "model": "memoria.personinimage",
    "pk": 18,
    "fields": {
      "created_at": "2025-05-06T14:13:48.605Z",
      "updated_at": "2025-05-06T14:13:48.605Z",
      "image": 12,
      "center_x": 0.664539,
      "center_y": 0.430005,
      "height": 0.0772634,
      "width": 0.0418865,
      "description": null,
      "person": 3,
      "exclude_from_training": false
    }
  },
  {
    "model": "memoria.personinimage",
    "pk": 19,
    "fields": {
      "created_at": "2025-05-06T14:13:48.605Z",
      "updated_at": "2025-05-06T14:13:48.605Z",
      "image": 12,
      "center_x": 0.377453,
      "center_y": 0.390109,
      "height": 0.0748933,
      "width": 0.0387212,
      "description": null,
      "person": 1,
      "exclude_from_training": false
    }
  },
  {
    "model": "memoria.personinimage",
    "pk": 20,
    "fields": {
      "created_at": "2025-05-06T14:14:01.238Z",
      "updated_at": "2025-05-06T14:14:01.238Z",
      "image": 13,
      "center_x": 0.723386,
      "center_y": 0.460539,
      "height": 0.150642,
      "width": 0.082328,
      "description": null,
      "person": 2,
      "exclude_from_training": false
    }
  },
  {
    "model": "memoria.personinimage",
    "pk": 21,
    "fields": {
      "created_at": "2025-05-06T14:14:01.239Z",
      "updated_at": "2025-05-06T14:14:01.239Z",
      "image": 13,
      "center_x": 0.412116,
      "center_y": 0.271453,
      "height": 0.155496,
      "width": 0.0822222,
      "description": null,
      "person": 1,
      "exclude_from_training": false
    }
  },
  {
    "model": "memoria.personinimage",
    "pk": 22,
    "fields": {
      "created_at": "2025-05-06T14:14:15.892Z",
      "updated_at": "2025-05-06T14:14:15.892Z",
      "image": 14,
      "center_x": 0.66531,
      "center_y": 0.419815,
      "height": 0.11726,
      "width": 0.0629097,
      "description": null,
      "person": 2,
      "exclude_from_training": false
    }
  },
  {
    "model": "memoria.personinimage",
    "pk": 23,
    "fields": {
      "created_at": "2025-05-06T14:14:15.893Z",
      "updated_at": "2025-05-06T14:14:15.893Z",
      "image": 14,
      "center_x": 0.296733,
      "center_y": 0.330146,
      "height": 0.133877,
      "width": 0.0709452,
      "description": null,
      "person": 1,
      "exclude_from_training": false
    }
  },
  {
    "model": "memoria.personinimage",
    "pk": 24,
    "fields": {
      "created_at": "2025-05-06T14:14:28.350Z",
      "updated_at": "2025-05-06T14:14:28.350Z",
      "image": 15,
      "center_x": 0.49841,
      "center_y": 0.48796,
      "height": 0.0646837,
      "width": 0.0322307,
      "description": null,
      "person": 2,
      "exclude_from_training": false
    }
  },
  {
    "model": "memoria.personinimage",
    "pk": 25,
    "fields": {
      "created_at": "2025-05-06T14:14:28.351Z",
      "updated_at": "2025-05-06T14:14:28.351Z",
      "image": 15,
      "center_x": 0.668575,
      "center_y": 0.438857,
      "height": 0.0766446,
      "width": 0.0402884,
      "description": null,
      "person": 3,
      "exclude_from_training": false
    }
  },
  {
    "model": "memoria.personinimage",
    "pk": 26,
    "fields": {
      "created_at": "2025-05-06T14:14:28.352Z",
      "updated_at": "2025-05-06T14:14:28.352Z",
      "image": 15,
      "center_x": 0.381467,
      "center_y": 0.395656,
      "height": 0.076802,
      "width": 0.0402884,
      "description": null,
      "person": 1,
      "exclude_from_training": false
    }
  },
  {
    "model": "memoria.personinimage",
    "pk": 27,
    "fields": {
      "created_at": "2025-05-06T14:14:41.497Z",
      "updated_at": "2025-05-06T14:14:41.497Z",
      "image": 16,
      "center_x": 0.550861,
      "center_y": 0.386916,
      "height": 0.0451713,
      "width": 0.0226048,
      "description": null,
      "person": 2,
      "exclude_from_training": false
    }
  },
  {
    "model": "memoria.personinimage",
    "pk": 28,
    "fields": {
      "created_at": "2025-05-06T14:14:41.497Z",
      "updated_at": "2025-05-06T14:14:41.497Z",
      "image": 16,
      "center_x": 0.493557,
      "center_y": 0.329751,
      "height": 0.0451713,
      "width": 0.0241893,
      "description": null,
      "person": 1,
      "exclude_from_training": false
    }
  },
  {
    "model": "memoria.personinimage",
    "pk": 29,
    "fields": {
      "created_at": "2025-05-06T14:14:55.216Z",
      "updated_at": "2025-05-06T14:14:55.216Z",
      "image": 17,
      "center_x": 0.299164,
      "center_y": 0.37075,
      "height": 0.0813097,
      "width": 0.043584,
      "description": null,
      "person": 2,
      "exclude_from_training": false
    }
  },
  {
    "model": "memoria.personinimage",
    "pk": 30,
    "fields": {
      "created_at": "2025-05-06T14:14:55.217Z",
      "updated_at": "2025-05-06T14:14:55.217Z",
      "image": 17,
      "center_x": 0.392785,
      "center_y": 0.325396,
      "height": 0.0861664,
      "width": 0.043584,
      "description": null,
      "person": 1,
      "exclude_from_training": false
    }
  },
  {
    "model": "memoria.personinimage",
    "pk": 31,
    "fields": {
      "created_at": "2025-05-06T14:15:47.611Z",
      "updated_at": "2025-05-06T14:15:47.612Z",
      "image": 22,
      "center_x": 0.36367,
      "center_y": 0.194418,
      "height": 0.282534,
      "width": 0.146769,
      "description": null,
      "person": 1,
      "exclude_from_training": false
    }
  },
  {
    "model": "memoria.personinimage",
    "pk": 32,
    "fields": {
      "created_at": "2025-05-06T14:15:52.261Z",
      "updated_at": "2025-05-06T14:15:52.261Z",
      "image": 23,
      "center_x": 0.697581,
      "center_y": 0.492731,
      "height": 0.171018,
      "width": 0.0822162,
      "description": null,
      "person": 4,
      "exclude_from_training": false
    }
  },
  {
    "model": "memoria.personinimage",
    "pk": 33,
    "fields": {
      "created_at": "2025-05-06T14:15:56.624Z",
      "updated_at": "2025-05-06T14:15:56.624Z",
      "image": 24,
      "center_x": 0.389494,
      "center_y": 0.444676,
      "height": 0.120216,
      "width": 0.0629537,
      "description": null,
      "person": 5,
      "exclude_from_training": false
    }
  },
  {
    "model": "memoria.personinimage",
    "pk": 34,
    "fields": {
      "created_at": "2025-05-06T14:15:56.625Z",
      "updated_at": "2025-05-06T14:15:56.625Z",
      "image": 24,
      "center_x": 0.54833,
      "center_y": 0.379784,
      "height": 0.134568,
      "width": 0.0709396,
      "description": null,
      "person": 1,
      "exclude_from_training": false
    }
  },
  {
    "model": "memoria.personinimage",
    "pk": 35,
    "fields": {
      "created_at": "2025-05-06T14:16:08.312Z",
      "updated_at": "2025-05-06T14:16:08.312Z",
      "image": 25,
      "center_x": 0.312081,
      "center_y": 0.60875,
      "height": 0.0724479,
      "width": 0.0564178,
      "description": null,
      "person": 6,
      "exclude_from_training": false
    }
  },
  {
    "model": "memoria.personinimage",
    "pk": 36,
    "fields": {
      "created_at": "2025-05-06T14:16:08.313Z",
      "updated_at": "2025-05-06T14:16:08.313Z",
      "image": 25,
      "center_x": 0.324193,
      "center_y": 0.460091,
      "height": 0.0652344,
      "width": 0.0548448,
      "description": null,
      "person": 1,
      "exclude_from_training": false
    }
  },
  {
    "model": "memoria.personinimage",
    "pk": 37,
    "fields": {
      "created_at": "2025-05-06T14:16:20.740Z",
      "updated_at": "2025-05-06T14:16:20.740Z",
      "image": 26,
      "center_x": 0.409619,
      "center_y": 0.869367,
      "height": 0.0225864,
      "width": 0.0434646,
      "description": null,
      "person": 1,
      "exclude_from_training": false
    }
  },
  {
    "model": "memoria.personinimage",
    "pk": 38,
    "fields": {
      "created_at": "2025-05-06T14:17:59.599Z",
      "updated_at": "2025-05-06T14:17:59.599Z",
      "image": 36,
      "center_x": 0.459659,
      "center_y": 0.660463,
      "height": 0.535815,
      "width": 0.245789,
      "description": null,
      "person": 1,
      "exclude_from_training": false
    }
  },
  {
    "model": "memoria.personinimage",
    "pk": 39,
    "fields": {
      "created_at": "2025-05-06T14:19:12.479Z",
      "updated_at": "2025-05-06T14:19:12.479Z",
      "image": 42,
      "center_x": 0.47422,
      "center_y": 0.410055,
      "height": 0.12066,
      "width": 0.0613358,
      "description": null,
      "person": 2,
      "exclude_from_training": false
    }
  },
  {
    "model": "memoria.personinimage",
    "pk": 40,
    "fields": {
      "created_at": "2025-05-06T14:19:12.479Z",
      "updated_at": "2025-05-06T14:19:12.479Z",
      "image": 42,
      "center_x": 0.710507,
      "center_y": 0.366929,
      "height": 0.142812,
      "width": 0.069363,
      "description": null,
      "person": 1,
      "exclude_from_training": false
    }
  },
  {
    "model": "memoria.personinimage",
    "pk": 41,
    "fields": {
      "created_at": "2025-05-06T14:19:25.050Z",
      "updated_at": "2025-05-06T14:19:25.050Z",
      "image": 43,
      "center_x": 0.46451,
      "center_y": 0.486764,
      "height": 0.0601059,
      "width": 0.0322446,
      "description": null,
      "person": 2,
      "exclude_from_training": false
    }
  },
  {
    "model": "memoria.personinimage",
    "pk": 42,
    "fields": {
      "created_at": "2025-05-06T14:19:25.051Z",
      "updated_at": "2025-05-06T14:19:25.051Z",
      "image": 43,
      "center_x": 0.253664,
      "center_y": 0.491358,
      "height": 0.0730302,
      "width": 0.0425042,
      "description": null,
      "person": 6,
      "exclude_from_training": false
    }
  },
  {
    "model": "memoria.personinimage",
    "pk": 43,
    "fields": {
      "created_at": "2025-05-06T14:19:25.052Z",
      "updated_at": "2025-05-06T14:19:25.052Z",
      "image": 43,
      "center_x": 0.696817,
      "center_y": 0.539629,
      "height": 0.0985674,
      "width": 0.0387353,
      "description": null,
      "person": 7,
      "exclude_from_training": false
    }
  },
  {
    "model": "memoria.personinimage",
    "pk": 44,
    "fields": {
      "created_at": "2025-05-06T14:19:25.054Z",
      "updated_at": "2025-05-06T14:19:25.054Z",
      "image": 43,
      "center_x": 0.583857,
      "center_y": 0.300452,
      "height": 0.0624416,
      "width": 0.0322446,
      "description": null,
      "person": 8,
      "exclude_from_training": false
    }
  },
  {
    "model": "memoria.personinimage",
    "pk": 45,
    "fields": {
      "created_at": "2025-05-06T14:19:25.055Z",
      "updated_at": "2025-05-06T14:19:25.055Z",
      "image": 43,
      "center_x": 0.595948,
      "center_y": 0.578169,
      "height": 0.0937403,
      "width": 0.0532873,
      "description": null,
      "person": 5,
      "exclude_from_training": false
    }
  },
  {
    "model": "memoria.personinimage",
    "pk": 46,
    "fields": {
      "created_at": "2025-05-06T14:19:25.056Z",
      "updated_at": "2025-05-06T14:19:25.056Z",
      "image": 43,
      "center_x": 0.774183,
      "center_y": 0.521644,
      "height": 0.0769231,
      "width": 0.0452261,
      "description": null,
      "person": 9,
      "exclude_from_training": false
    }
  },
  {
    "model": "memoria.personinimage",
    "pk": 47,
    "fields": {
      "created_at": "2025-05-06T14:19:25.057Z",
      "updated_at": "2025-05-06T14:19:25.057Z",
      "image": 43,
      "center_x": 0.37746,
      "center_y": 0.506073,
      "height": 0.0697602,
      "width": 0.0354899,
      "description": null,
      "person": 1,
      "exclude_from_training": false
    }
  },
  {
    "model": "memoria.personinimage",
    "pk": 48,
    "fields": {
      "created_at": "2025-05-06T14:19:36.219Z",
      "updated_at": "2025-05-06T14:19:36.219Z",
      "image": 44,
      "center_x": 0.726663,
      "center_y": 0.429579,
      "height": 0.124109,
      "width": 0.0693557,
      "description": null,
      "person": 2,
      "exclude_from_training": false
    }
  },
  {
    "model": "memoria.personinimage",
    "pk": 49,
    "fields": {
      "created_at": "2025-05-06T14:19:36.220Z",
      "updated_at": "2025-05-06T14:19:36.220Z",
      "image": 44,
      "center_x": 0.623206,
      "center_y": 0.458475,
      "height": 0.0610474,
      "width": 0.032792,
      "description": null,
      "person": 6,
      "exclude_from_training": false
    }
  },
  {
    "model": "memoria.personinimage",
    "pk": 50,
    "fields": {
      "created_at": "2025-05-06T14:19:36.220Z",
      "updated_at": "2025-05-06T14:19:36.220Z",
      "image": 44,
      "center_x": 0.311262,
      "center_y": 0.416563,
      "height": 0.116982,
      "width": 0.0580409,
      "description": null,
      "person": 7,
      "exclude_from_training": false
    }
  },
  {
    "model": "memoria.personinimage",
    "pk": 51,
    "fields": {
      "created_at": "2025-05-06T14:19:36.221Z",
      "updated_at": "2025-05-06T14:19:36.221Z",
      "image": 44,
      "center_x": 0.811262,
      "center_y": 0.368686,
      "height": 0.107375,
      "width": 0.0612886,
      "description": null,
      "person": 8,
      "exclude_from_training": false
    }
  },
  {
    "model": "memoria.personinimage",
    "pk": 52,
    "fields": {
      "created_at": "2025-05-06T14:19:36.222Z",
      "updated_at": "2025-05-06T14:19:36.222Z",
      "image": 44,
      "center_x": 0.426611,
      "center_y": 0.43198,
      "height": 0.0715835,
      "width": 0.043583,
      "description": null,
      "person": 5,
      "exclude_from_training": false
    }
  },
  {
    "model": "memoria.personinimage",
    "pk": 53,
    "fields": {
      "created_at": "2025-05-06T14:19:36.222Z",
      "updated_at": "2025-05-06T14:19:36.222Z",
      "image": 44,
      "center_x": 0.215348,
      "center_y": 0.446312,
      "height": 0.109854,
      "width": 0.0564694,
      "description": null,
      "person": 9,
      "exclude_from_training": false
    }
  },
  {
    "model": "memoria.personinimage",
    "pk": 54,
    "fields": {
      "created_at": "2025-05-06T14:19:36.223Z",
      "updated_at": "2025-05-06T14:19:36.223Z",
      "image": 44,
      "center_x": 0.663751,
      "center_y": 0.422451,
      "height": 0.114503,
      "width": 0.0564694,
      "description": null,
      "person": 1,
      "exclude_from_training": false
    }
  },
  {
    "model": "memoria.personinimage",
    "pk": 55,
    "fields": {
      "created_at": "2025-05-06T14:19:47.957Z",
      "updated_at": "2025-05-06T14:19:47.957Z",
      "image": 45,
      "center_x": 0.666161,
      "center_y": 0.462963,
      "height": 0.0980939,
      "width": 0.0581091,
      "description": null,
      "person": 6,
      "exclude_from_training": false
    }
  },
  {
    "model": "memoria.personinimage",
    "pk": 56,
    "fields": {
      "created_at": "2025-05-06T14:19:47.958Z",
      "updated_at": "2025-05-06T14:19:47.958Z",
      "image": 45,
      "center_x": 0.313684,
      "center_y": 0.462885,
      "height": 0.117155,
      "width": 0.0596796,
      "description": null,
      "person": 7,
      "exclude_from_training": false
    }
  },
  {
    "model": "memoria.personinimage",
    "pk": 57,
    "fields": {
      "created_at": "2025-05-06T14:19:47.958Z",
      "updated_at": "2025-05-06T14:19:47.958Z",
      "image": 45,
      "center_x": 0.81536,
      "center_y": 0.392376,
      "height": 0.119634,
      "width": 0.0629253,
      "description": null,
      "person": 8,
      "exclude_from_training": false
    }
  },
  {
    "model": "memoria.personinimage",
    "pk": 58,
    "fields": {
      "created_at": "2025-05-06T14:19:47.959Z",
      "updated_at": "2025-05-06T14:19:47.959Z",
      "image": 45,
      "center_x": 0.433096,
      "center_y": 0.442662,
      "height": 0.0813575,
      "width": 0.0468014,
      "description": null,
      "person": 5,
      "exclude_from_training": false
    }
  },
  {
    "model": "memoria.personinimage",
    "pk": 59,
    "fields": {
      "created_at": "2025-05-06T14:19:47.959Z",
      "updated_at": "2025-05-06T14:19:47.959Z",
      "image": 45,
      "center_x": 0.251649,
      "center_y": 0.534713,
      "height": 0.121959,
      "width": 0.0677416,
      "description": null,
      "person": 9,
      "exclude_from_training": false
    }
  },
  {
    "model": "memoria.personinimage",
    "pk": 60,
    "fields": {
      "created_at": "2025-05-06T14:19:47.960Z",
      "updated_at": "2025-05-06T14:19:47.960Z",
      "image": 45,
      "center_x": 0.740341,
      "center_y": 0.49047,
      "height": 0.129242,
      "width": 0.0644959,
      "description": null,
      "person": 1,
      "exclude_from_training": false
    }
  },
  {
    "model": "memoria.personinimage",
    "pk": 61,
    "fields": {
      "created_at": "2025-05-06T14:19:47.962Z",
      "updated_at": "2025-05-06T14:19:47.962Z",
      "image": 45,
      "center_x": 0.858078,
      "center_y": 0.514334,
      "height": 0.13885,
      "width": 0.0838656,
      "description": null,
      "person": 10,
      "exclude_from_training": false
    }
  },
  {
    "model": "memoria.personinimage",
    "pk": 62,
    "fields": {
      "created_at": "2025-05-06T14:20:01.294Z",
      "updated_at": "2025-05-06T14:20:01.294Z",
      "image": 46,
      "center_x": 0.678183,
      "center_y": 0.372606,
      "height": 0.0384675,
      "width": 0.020938,
      "description": null,
      "person": 6,
      "exclude_from_training": false
    }
  },
  {
    "model": "memoria.personinimage",
    "pk": 63,
    "fields": {
      "created_at": "2025-05-06T14:20:01.295Z",
      "updated_at": "2025-05-06T14:20:01.295Z",
      "image": 46,
      "center_x": 0.471786,
      "center_y": 0.527644,
      "height": 0.0361314,
      "width": 0.0176926,
      "description": null,
      "person": 7,
      "exclude_from_training": false
    }
  },
  {
    "model": "memoria.personinimage",
    "pk": 64,
    "fields": {
      "created_at": "2025-05-06T14:20:01.296Z",
      "updated_at": "2025-05-06T14:20:01.296Z",
      "image": 46,
      "center_x": 0.816897,
      "center_y": 0.358122,
      "height": 0.0384675,
      "width": 0.020938,
      "description": null,
      "person": 8,
      "exclude_from_training": false
    }
  },
  {
    "model": "memoria.personinimage",
    "pk": 65,
    "fields": {
      "created_at": "2025-05-06T14:20:01.296Z",
      "updated_at": "2025-05-06T14:20:01.296Z",
      "image": 46,
      "center_x": 0.380601,
      "center_y": 0.560037,
      "height": 0.0239838,
      "width": 0.0128769,
      "description": null,
      "person": 5,
      "exclude_from_training": false
    }
  },
  {
    "model": "memoria.personinimage",
    "pk": 66,
    "fields": {
      "created_at": "2025-05-06T14:20:01.297Z",
      "updated_at": "2025-05-06T14:20:01.297Z",
      "image": 46,
      "center_x": 0.584642,
      "center_y": 0.515262,
      "height": 0.0400249,
      "width": 0.0176926,
      "description": null,
      "person": 9,
      "exclude_from_training": false
    }
  },
  {
    "model": "memoria.personinimage",
    "pk": 67,
    "fields": {
      "created_at": "2025-05-06T14:20:01.297Z",
      "updated_at": "2025-05-06T14:20:01.297Z",
      "image": 46,
      "center_x": 0.583857,
      "center_y": 0.509656,
      "height": 0.0288117,
      "width": 0.0161223,
      "description": null,
      "person": 9,
      "exclude_from_training": false
    }
  },
  {
    "model": "memoria.personinimage",
    "pk": 68,
    "fields": {
      "created_at": "2025-05-06T14:20:01.298Z",
      "updated_at": "2025-05-06T14:20:01.298Z",
      "image": 46,
      "center_x": 0.356208,
      "center_y": 0.634948,
      "height": 0.035197,
      "width": 0.0158082,
      "description": null,
      "person": 1,
      "exclude_from_training": false
    }
  },
  {
    "model": "memoria.personinimage",
    "pk": 69,
    "fields": {
      "created_at": "2025-05-06T14:20:14.532Z",
      "updated_at": "2025-05-06T14:20:14.533Z",
      "image": 47,
      "center_x": 0.499922,
      "center_y": 0.396825,
      "height": 0.0451687,
      "width": 0.0551144,
      "description": null,
      "person": 6,
      "exclude_from_training": false
    }
  },
  {
    "model": "memoria.personinimage",
    "pk": 70,
    "fields": {
      "created_at": "2025-05-06T14:20:14.533Z",
      "updated_at": "2025-05-06T14:20:14.533Z",
      "image": 47,
      "center_x": 0.709871,
      "center_y": 0.38472,
      "height": 0.0370991,
      "width": 0.0431263,
      "description": null,
      "person": 8,
      "exclude_from_training": false
    }
  },
  {
    "model": "memoria.personinimage",
    "pk": 71,
    "fields": {
      "created_at": "2025-05-06T14:20:14.534Z",
      "updated_at": "2025-05-06T14:20:14.534Z",
      "image": 47,
      "center_x": 0.201463,
      "center_y": 0.527458,
      "height": 0.0322783,
      "width": 0.0382999,
      "description": null,
      "person": 9,
      "exclude_from_training": false
    }
  },
  {
    "model": "memoria.personinimage",
    "pk": 72,
    "fields": {
      "created_at": "2025-05-06T14:20:25.795Z",
      "updated_at": "2025-05-06T14:20:25.795Z",
      "image": 48,
      "center_x": 0.725759,
      "center_y": 0.41935,
      "height": 0.125352,
      "width": 0.0645026,
      "description": null,
      "person": 2,
      "exclude_from_training": false
    }
  },
  {
    "model": "memoria.personinimage",
    "pk": 73,
    "fields": {
      "created_at": "2025-05-06T14:20:25.796Z",
      "updated_at": "2025-05-06T14:20:25.796Z",
      "image": 48,
      "center_x": 0.623822,
      "center_y": 0.450219,
      "height": 0.0661144,
      "width": 0.0375916,
      "description": null,
      "person": 6,
      "exclude_from_training": false
    }
  },
  {
    "model": "memoria.personinimage",
    "pk": 74,
    "fields": {
      "created_at": "2025-05-06T14:20:25.797Z",
      "updated_at": "2025-05-06T14:20:25.797Z",
      "image": 48,
      "center_x": 0.312147,
      "center_y": 0.408409,
      "height": 0.118162,
      "width": 0.0596859,
      "description": null,
      "person": 7,
      "exclude_from_training": false
    }
  },
  {
    "model": "memoria.personinimage",
    "pk": 75,
    "fields": {
      "created_at": "2025-05-06T14:20:25.797Z",
      "updated_at": "2025-05-06T14:20:25.797Z",
      "image": 48,
      "center_x": 0.812147,
      "center_y": 0.365114,
      "height": 0.108471,
      "width": 0.0596859,
      "description": null,
      "person": 8,
      "exclude_from_training": false
    }
  },
  {
    "model": "memoria.personinimage",
    "pk": 76,
    "fields": {
      "created_at": "2025-05-06T14:20:25.798Z",
      "updated_at": "2025-05-06T14:20:25.798Z",
      "image": 48,
      "center_x": 0.427435,
      "center_y": 0.421694,
      "height": 0.0722101,
      "width": 0.0418848,
      "description": null,
      "person": 5,
      "exclude_from_training": false
    }
  },
  {
    "model": "memoria.personinimage",
    "pk": 77,
    "fields": {
      "created_at": "2025-05-06T14:20:25.798Z",
      "updated_at": "2025-05-06T14:20:25.798Z",
      "image": 48,
      "center_x": 0.21288,
      "center_y": 0.440997,
      "height": 0.110816,
      "width": 0.0645026,
      "description": null,
      "person": 9,
      "exclude_from_training": false
    }
  },
  {
    "model": "memoria.personinimage",
    "pk": 78,
    "fields": {
      "created_at": "2025-05-06T14:20:25.799Z",
      "updated_at": "2025-05-06T14:20:25.799Z",
      "image": 48,
      "center_x": 0.662042,
      "center_y": 0.416849,
      "height": 0.115661,
      "width": 0.0564398,
      "description": null,
      "person": 1,
      "exclude_from_training": false
    }
  },
  {
    "model": "memoria.personinimage",
    "pk": 79,
    "fields": {
      "created_at": "2025-05-06T14:20:37.370Z",
      "updated_at": "2025-05-06T14:20:37.370Z",
      "image": 49,
      "center_x": 0.665358,
      "center_y": 0.466366,
      "height": 0.0962317,
      "width": 0.0564457,
      "description": null,
      "person": 6,
      "exclude_from_training": false
    }
  },
  {
    "model": "memoria.personinimage",
    "pk": 80,
    "fields": {
      "created_at": "2025-05-06T14:20:37.370Z",
      "updated_at": "2025-05-06T14:20:37.370Z",
      "image": 49,
      "center_x": 0.312912,
      "center_y": 0.462784,
      "height": 0.11772,
      "width": 0.0580165,
      "description": null,
      "person": 7,
      "exclude_from_training": false
    }
  },
  {
    "model": "memoria.personinimage",
    "pk": 81,
    "fields": {
      "created_at": "2025-05-06T14:20:37.371Z",
      "updated_at": "2025-05-06T14:20:37.371Z",
      "image": 49,
      "center_x": 0.816944,
      "center_y": 0.393024,
      "height": 0.11772,
      "width": 0.0661849,
      "description": null,
      "person": 8,
      "exclude_from_training": false
    }
  },
  {
    "model": "memoria.personinimage",
    "pk": 82,
    "fields": {
      "created_at": "2025-05-06T14:20:37.372Z",
      "updated_at": "2025-05-06T14:20:37.372Z",
      "image": 49,
      "center_x": 0.431459,
      "center_y": 0.444799,
      "height": 0.0817502,
      "width": 0.0467065,
      "description": null,
      "person": 5,
      "exclude_from_training": false
    }
  },
  {
    "model": "memoria.personinimage",
    "pk": 83,
    "fields": {
      "created_at": "2025-05-06T14:20:37.372Z",
      "updated_at": "2025-05-06T14:20:37.372Z",
      "image": 49,
      "center_x": 0.253273,
      "center_y": 0.534802,
      "height": 0.122547,
      "width": 0.0677558,
      "description": null,
      "person": 9,
      "exclude_from_training": false
    }
  },
  {
    "model": "memoria.personinimage",
    "pk": 84,
    "fields": {
      "created_at": "2025-05-06T14:20:37.373Z",
      "updated_at": "2025-05-06T14:20:37.373Z",
      "image": 49,
      "center_x": 0.742748,
      "center_y": 0.4891,
      "height": 0.127375,
      "width": 0.0629385,
      "description": null,
      "person": 1,
      "exclude_from_training": false
    }
  },
  {
    "model": "memoria.personinimage",
    "pk": 85,
    "fields": {
      "created_at": "2025-05-06T14:20:37.373Z",
      "updated_at": "2025-05-06T14:20:37.373Z",
      "image": 49,
      "center_x": 0.858048,
      "center_y": 0.516817,
      "height": 0.13952,
      "width": 0.0838831,
      "description": null,
      "person": 10,
      "exclude_from_training": false
    }
  },
  {
    "model": "memoria.personinimage",
    "pk": 86,
    "fields": {
      "created_at": "2025-05-06T14:20:49.441Z",
      "updated_at": "2025-05-06T14:20:49.441Z",
      "image": 50,
      "center_x": 0.571628,
      "center_y": 0.246778,
      "height": 0.0935568,
      "width": 0.112126,
      "description": null,
      "person": 6,
      "exclude_from_training": false
    }
  },
  {
    "model": "memoria.personinimage",
    "pk": 87,
    "fields": {
      "created_at": "2025-05-06T14:21:02.367Z",
      "updated_at": "2025-05-06T14:21:02.367Z",
      "image": 51,
      "center_x": 0.472352,
      "center_y": 0.548458,
      "height": 0.133755,
      "width": 0.0418875,
      "description": null,
      "person": 1,
      "exclude_from_training": false
    }
  },
  {
    "model": "memoria.personinimage",
    "pk": 88,
    "fields": {
      "created_at": "2025-05-06T14:21:15.114Z",
      "updated_at": "2025-05-06T14:21:15.114Z",
      "image": 52,
      "center_x": 0.445894,
      "center_y": 0.431563,
      "height": 0.168642,
      "width": 0.100177,
      "description": null,
      "person": 1,
      "exclude_from_training": false
    }
  },
  {
    "model": "memoria.personinimage",
    "pk": 89,
    "fields": {
      "created_at": "2025-05-06T14:21:28.308Z",
      "updated_at": "2025-05-06T14:21:28.308Z",
      "image": 53,
      "center_x": 0.530363,
      "center_y": 0.459534,
      "height": 0.0752296,
      "width": 0.0266988,
      "description": null,
      "person": 1,
      "exclude_from_training": false
    }
  },
  {
    "model": "memoria.personinimage",
    "pk": 90,
    "fields": {
      "created_at": "2025-05-06T14:21:40.842Z",
      "updated_at": "2025-05-06T14:21:40.842Z",
      "image": 54,
      "center_x": 0.64922,
      "center_y": 0.41751,
      "height": 0.140402,
      "width": 0.0660974,
      "description": null,
      "person": 1,
      "exclude_from_training": false
    }
  },
  {
    "model": "memoria.personinimage",
    "pk": 91,
    "fields": {
      "created_at": "2025-05-06T14:21:53.224Z",
      "updated_at": "2025-05-06T14:21:53.224Z",
      "image": 55,
      "center_x": 0.350005,
      "center_y": 0.530425,
      "height": 0.0951478,
      "width": 0.0451451,
      "description": null,
      "person": 1,
      "exclude_from_training": false
    }
  },
  {
    "model": "memoria.personinimage",
    "pk": 92,
    "fields": {
      "created_at": "2025-05-06T14:22:05.520Z",
      "updated_at": "2025-05-06T14:22:05.520Z",
      "image": 56,
      "center_x": 0.157804,
      "center_y": 0.430603,
      "height": 0.0612907,
      "width": 0.0679673,
      "description": null,
      "person": 1,
      "exclude_from_training": false
    }
  },
  {
    "model": "memoria.personinimage",
    "pk": 93,
    "fields": {
      "created_at": "2025-05-06T14:22:18.690Z",
      "updated_at": "2025-05-06T14:22:18.690Z",
      "image": 57,
      "center_x": 0.562539,
      "center_y": 0.530651,
      "height": 0.037724,
      "width": 0.0618313,
      "description": null,
      "person": 1,
      "exclude_from_training": false
    }
  },
  {
    "model": "memoria.personinimage",
    "pk": 94,
    "fields": {
      "created_at": "2025-05-06T14:22:31.266Z",
      "updated_at": "2025-05-06T14:22:31.266Z",
      "image": 58,
      "center_x": 0.56926,
      "center_y": 0.35492,
      "height": 0.0718852,
      "width": 0.0607211,
      "description": null,
      "person": 1,
      "exclude_from_training": false
    }
  },
  {
    "model": "memoria.personinimage",
    "pk": 95,
    "fields": {
      "created_at": "2025-05-06T14:22:35.624Z",
      "updated_at": "2025-05-06T14:22:35.624Z",
      "image": 59,
      "center_x": 0.724529,
      "center_y": 0.514494,
      "height": 0.039016,
      "width": 0.015795,
      "description": null,
      "person": 1,
      "exclude_from_training": false
    }
  },
  {
    "model": "memoria.roughdate",
    "pk": 1,
    "fields": {
      "created_at": "2025-05-06T14:11:36.252Z",
      "updated_at": "2025-05-06T14:11:36.252Z",
      "date": "2003-04-01",
      "month_valid": true,
      "day_valid": false,
      "view_groups": [],
      "edit_groups": []
    }
  },
  {
    "model": "memoria.roughlocation",
    "pk": 1,
    "fields": {
      "created_at": "2025-05-06T14:11:36.250Z",
      "updated_at": "2025-05-06T14:11:36.250Z",
      "country_code": "US",
      "subdivision_code": "US-WA",
      "city": "Tacoma",
      "sub_location": null,
      "view_groups": [],
      "edit_groups": []
    }
  },
  {
    "model": "memoria.roughlocation",
    "pk": 2,
    "fields": {
      "created_at": "2025-05-06T14:12:30.247Z",
      "updated_at": "2025-05-06T14:12:30.247Z",
      "country_code": "US",
      "subdivision_code": "US-WA",
      "city": "Bellingham",
      "sub_location": null,
      "view_groups": [],
      "edit_groups": []
    }
  },
  {
    "model": "memoria.roughlocation",
    "pk": 3,
    "fields": {
      "created_at": "2025-05-06T14:12:55.971Z",
      "updated_at": "2025-05-06T14:12:55.971Z",
      "country_code": "US",
      "subdivision_code": "US-WA",
      "city": "Mt. Vernon",
      "sub_location": "Christianson's Nursery",
      "view_groups": [],
      "edit_groups": []
    }
  },
  {
    "model": "memoria.roughlocation",
    "pk": 4,
    "fields": {
      "created_at": "2025-05-06T14:13:20.304Z",
      "updated_at": "2025-05-06T14:13:20.304Z",
      "country_code": "US",
      "subdivision_code": "US-WA",
      "city": "Anacortes",
      "sub_location": "Bunnies By The Bay",
      "view_groups": [],
      "edit_groups": []
    }
  },
  {
    "model": "memoria.roughlocation",
    "pk": 5,
    "fields": {
      "created_at": "2025-05-06T14:14:41.498Z",
      "updated_at": "2025-05-06T14:14:41.498Z",
      "country_code": "US",
      "subdivision_code": "US-WA",
      "city": "Birch Bay",
      "sub_location": null,
      "view_groups": [],
      "edit_groups": []
    }
  },
  {
    "model": "memoria.roughlocation",
    "pk": 6,
    "fields": {
      "created_at": "2025-05-06T14:15:07.465Z",
      "updated_at": "2025-05-06T14:15:07.465Z",
      "country_code": "US",
      "subdivision_code": "US-CA",
      "city": "Monterey",
      "sub_location": "Monterey Bay Aquarium",
      "view_groups": [],
      "edit_groups": []
    }
  },
  {
    "model": "memoria.roughlocation",
    "pk": 7,
    "fields": {
      "created_at": "2025-05-06T14:15:35.702Z",
      "updated_at": "2025-05-06T14:15:35.702Z",
      "country_code": "US",
      "subdivision_code": "US-CA",
      "city": null,
      "sub_location": null,
      "view_groups": [],
      "edit_groups": []
    }
  },
  {
    "model": "memoria.roughlocation",
    "pk": 8,
    "fields": {
      "created_at": "2025-05-06T14:18:25.267Z",
      "updated_at": "2025-05-06T14:18:25.267Z",
      "country_code": "US",
      "subdivision_code": "US-WA",
      "city": "Bellingham",
      "sub_location": "Lake Samish",
      "view_groups": [],
      "edit_groups": []
    }
  },
  {
    "model": "memoria.imagefolder",
    "pk": 1,
    "fields": {
      "tn_ancestors_pks": "",
      "tn_ancestors_count": 0,
      "tn_children_pks": "2",
      "tn_children_count": 1,
      "tn_depth": 2,
      "tn_descendants_pks": "2,3,4",
      "tn_descendants_count": 3,
      "tn_index": 0,
      "tn_level": 1,
      "tn_parent": null,
      "tn_priority": 0,
      "tn_order": 0,
      "tn_siblings_pks": "",
      "tn_siblings_count": 0,
      "created_at": "2025-05-06T14:11:23.683Z",
      "updated_at": "2025-05-06T14:11:23.683Z",
      "name": "Anderson",
      "description": null,
      "view_groups": [1],
      "edit_groups": [2]
    }
  },
  {
    "model": "memoria.imagefolder",
    "pk": 2,
    "fields": {
      "tn_ancestors_pks": "1",
      "tn_ancestors_count": 1,
      "tn_children_pks": "3,4",
      "tn_children_count": 2,
      "tn_depth": 1,
      "tn_descendants_pks": "3,4",
      "tn_descendants_count": 2,
      "tn_index": 0,
      "tn_level": 2,
      "tn_parent": 1,
      "tn_priority": 0,
      "tn_order": 1,
      "tn_siblings_pks": "",
      "tn_siblings_count": 0,
      "created_at": "2025-05-06T14:11:23.687Z",
      "updated_at": "2025-05-06T14:11:23.687Z",
      "name": "Box 6",
      "description": null,
      "view_groups": [1],
      "edit_groups": [2]
    }
  },
  {
    "model": "memoria.imagefolder",
    "pk": 3,
    "fields": {
      "tn_ancestors_pks": "1,2",
      "tn_ancestors_count": 2,
      "tn_children_pks": "",
      "tn_children_count": 0,
      "tn_depth": 0,
      "tn_descendants_pks": "",
      "tn_descendants_count": 0,
      "tn_index": 0,
      "tn_level": 3,
      "tn_parent": 2,
      "tn_priority": 0,
      "tn_order": 2,
      "tn_siblings_pks": "4",
      "tn_siblings_count": 1,
      "created_at": "2025-05-06T14:11:23.690Z",
      "updated_at": "2025-05-06T14:11:23.690Z",
      "name": "2003 - 04",
      "description": null,
      "view_groups": [1],
      "edit_groups": [2]
    }
  },
  {
    "model": "memoria.imagefolder",
    "pk": 4,
    "fields": {
      "tn_ancestors_pks": "1,2",
      "tn_ancestors_count": 2,
      "tn_children_pks": "",
      "tn_children_count": 0,
      "tn_depth": 0,
      "tn_descendants_pks": "",
      "tn_descendants_count": 0,
      "tn_index": 1,
      "tn_level": 3,
      "tn_parent": 2,
      "tn_priority": 0,
      "tn_order": 3,
      "tn_siblings_pks": "3",
      "tn_siblings_count": 1,
      "created_at": "2025-05-06T14:19:00.725Z",
      "updated_at": "2025-05-06T14:19:00.725Z",
      "name": "Loose",
      "description": null,
      "view_groups": [1],
      "edit_groups": [2]
    }
  },
  {
    "model": "memoria.image",
    "pk": 1,
    "fields": {
      "created_at": "2025-05-06T14:11:25.227Z",
      "updated_at": "2025-05-06T14:11:36.253Z",
      "original_checksum": "1b9be078ce1dcbe354fe2cdc0490cb5f58eab2ee023453e4350a5e6f0075f1bd",
      "thumbnail_checksum": "9499a67b4142ddde5e449eb14465aa7c52adce2b7b434bed6eb6296e9696a437",
      "full_size_checksum": "82e951be0fd79777849f0a58b4f9ac18b438e8c2059e1278b0649126397803b0",
      "phash": "bca2c20ef94db2cc",
      "file_size": 2988126,
      "height": 9544,
      "width": 6440,
      "orientation": 1,
      "description": "Tacoma competition",
      "original": "D:\\Pictures\\Scans\\tools\\minify\\output\\Anderson\\Box 6\\2003 - 04\\april-2003-0007.webp",
      "original_name": "april-2003-0007",
      "is_dirty": false,
      "deleted_at": null,
      "is_starred": false,
      "source": null,
      "location": 1,
      "date": 1,
      "folder": 3,
      "view_groups": [1],
      "edit_groups": [2]
    }
  },
  {
    "model": "memoria.image",
    "pk": 2,
    "fields": {
      "created_at": "2025-05-06T14:11:37.019Z",
      "updated_at": "2025-05-06T14:11:48.000Z",
      "original_checksum": "ac2e935940a7420effcc167da789464139f82dc85dc87e242606dbd6b51c1f5a",
      "thumbnail_checksum": "578c2046a4812c1e6334661405b4c2736210606ebdd3b29897cce5716a484482",
      "full_size_checksum": "bdc1493ebd593cddea0e5e35a4091ee9ad7258e32c258d3e02fbaa2d262e1c76",
      "phash": "a6c1da35ce9d901b",
      "file_size": 2729904,
      "height": 9479,
      "width": 6336,
      "orientation": 1,
      "description": "Tacoma competition",
      "original": "D:\\Pictures\\Scans\\tools\\minify\\output\\Anderson\\Box 6\\2003 - 04\\april-2003-0009.webp",
      "original_name": "april-2003-0009",
      "is_dirty": false,
      "deleted_at": null,
      "is_starred": false,
      "source": null,
      "location": 1,
      "date": 1,
      "folder": 3,
      "view_groups": [1],
      "edit_groups": [2]
    }
  },
  {
    "model": "memoria.image",
    "pk": 3,
    "fields": {
      "created_at": "2025-05-06T14:11:48.955Z",
      "updated_at": "2025-05-06T14:12:00.501Z",
      "original_checksum": "beaf43aa377e1ca28690708287eccc02044803a6c6c1aca15618ec443795c1d8",
      "thumbnail_checksum": "4a93b7ca32c230ff0e7eab585290c297b5855e5d78b947bf14a02ded89b61a82",
      "full_size_checksum": "29949df27f29ab8114ee8e3b391ee7e694c9a9f1d69e06d10635b94df60c1661",
      "phash": "afc4112bb5c09c6f",
      "file_size": 3096482,
      "height": 9477,
      "width": 6340,
      "orientation": 1,
      "description": "Tacoma competition",
      "original": "D:\\Pictures\\Scans\\tools\\minify\\output\\Anderson\\Box 6\\2003 - 04\\april-2003-0013.webp",
      "original_name": "april-2003-0013",
      "is_dirty": false,
      "deleted_at": null,
      "is_starred": false,
      "source": null,
      "location": 1,
      "date": 1,
      "folder": 3,
      "view_groups": [1],
      "edit_groups": [2]
    }
  },
  {
    "model": "memoria.image",
    "pk": 4,
    "fields": {
      "created_at": "2025-05-06T14:12:01.314Z",
      "updated_at": "2025-05-06T14:12:05.084Z",
      "original_checksum": "d358c91ac5255e200b8938a26a56e0294e24cd7f0cd88217769bbe8cb004ac1d",
      "thumbnail_checksum": "f4a4d70ace1e950e80e8b79b092ccb1d3c92e3de439ccb8319b49cc205de5e96",
      "full_size_checksum": "8f54a7b6da381a4acff395f5ec7a7c21450aeb0ee7d03c8b740c90844be48177",
      "phash": "d88b87743511da4f",
      "file_size": 2401600,
      "height": 6423,
      "width": 9479,
      "orientation": 1,
      "description": null,
      "original": "D:\\Pictures\\Scans\\tools\\minify\\output\\Anderson\\Box 6\\2003 - 04\\april-2003-0014.webp",
      "original_name": "april-2003-0014",
      "is_dirty": false,
      "deleted_at": null,
      "is_starred": false,
      "source": null,
      "location": null,
      "date": null,
      "folder": 3,
      "view_groups": [1],
      "edit_groups": [2]
    }
  },
  {
    "model": "memoria.image",
    "pk": 5,
    "fields": {
      "created_at": "2025-05-06T14:12:06.014Z",
      "updated_at": "2025-05-06T14:12:17.267Z",
      "original_checksum": "0f34a3a4449bdc09c65d1cd70de2adeaf2425c49c339bc94c60b07a09328eb01",
      "thumbnail_checksum": "8d5eaba73c864ec83883f14de38e26c0a70228ca86133cb1588baa8ed5e2dae2",
      "full_size_checksum": "b24664aad621ebd4fb6d1ef3b763ab93d49a73fd6360e14070cb008eae1bf418",
      "phash": "f09cc32f3dc28bb0",
      "file_size": 2557954,
      "height": 6464,
      "width": 9431,
      "orientation": 1,
      "description": null,
      "original": "D:\\Pictures\\Scans\\tools\\minify\\output\\Anderson\\Box 6\\2003 - 04\\april-2003-0017.webp",
      "original_name": "april-2003-0017",
      "is_dirty": false,
      "deleted_at": null,
      "is_starred": false,
      "source": null,
      "location": null,
      "date": null,
      "folder": 3,
      "view_groups": [1],
      "edit_groups": [2]
    }
  },
  {
    "model": "memoria.image",
    "pk": 6,
    "fields": {
      "created_at": "2025-05-06T14:12:18.130Z",
      "updated_at": "2025-05-06T14:12:30.249Z",
      "original_checksum": "88d95b7d5ef94a700fed1cd8dc7f10f1d333adc02a386bd92b576d3fe6e9984f",
      "thumbnail_checksum": "f6f8f5a090a1b984082db388c44113d70c9332b25f800ce79a569db9efcb70d9",
      "full_size_checksum": "8dc598d0421a7aa4059b2c5132b58f854d254ce473072db5f9777a11de0d667b",
      "phash": "c36c3c939c231eba",
      "file_size": 4109498,
      "height": 6421,
      "width": 9469,
      "orientation": 1,
      "description": null,
      "original": "D:\\Pictures\\Scans\\tools\\minify\\output\\Anderson\\Box 6\\2003 - 04\\april-2003-0019.webp",
      "original_name": "april-2003-0019",
      "is_dirty": false,
      "deleted_at": null,
      "is_starred": false,
      "source": null,
      "location": 2,
      "date": 1,
      "folder": 3,
      "view_groups": [1],
      "edit_groups": [2]
    }
  },
  {
    "model": "memoria.image",
    "pk": 7,
    "fields": {
      "created_at": "2025-05-06T14:12:31.351Z",
      "updated_at": "2025-05-06T14:12:43.262Z",
      "original_checksum": "3975642e8170152dee6c930bb7090de2fb8ded02ea13e108cfe4a9ff5641944d",
      "thumbnail_checksum": "49f92653d89db62c840833d7fe722d20c471ed659997ff1410de2133ffcdfe43",
      "full_size_checksum": "520f2f985e478bef6a154d8152f0ee4dd35a29f1b03f14b67d922a163e924989",
      "phash": "c269388f98a767b8",
      "file_size": 3842028,
      "height": 6375,
      "width": 9574,
      "orientation": 1,
      "description": null,
      "original": "D:\\Pictures\\Scans\\tools\\minify\\output\\Anderson\\Box 6\\2003 - 04\\april-2003-0020.webp",
      "original_name": "april-2003-0020",
      "is_dirty": false,
      "deleted_at": null,
      "is_starred": false,
      "source": null,
      "location": 2,
      "date": 1,
      "folder": 3,
      "view_groups": [1],
      "edit_groups": [2]
    }
  },
  {
    "model": "memoria.image",
    "pk": 8,
    "fields": {
      "created_at": "2025-05-06T14:12:44.117Z",
      "updated_at": "2025-05-06T14:12:55.972Z",
      "original_checksum": "d83ae39823557bc475df02c68732c21f6067265455dce226d2fce60138d4c68e",
      "thumbnail_checksum": "c6b57ca24081ca88c58e4c6204d0e4ae975acda7f82101554745e6692404c118",
      "full_size_checksum": "d4e2d3cdb89a4daf8840394e27be58000b9b4cc5f0b6b3f06ddc7694d8553ae9",
      "phash": "caeae28c1d3599b1",
      "file_size": 4299380,
      "height": 6422,
      "width": 9470,
      "orientation": 1,
      "description": null,
      "original": "D:\\Pictures\\Scans\\tools\\minify\\output\\Anderson\\Box 6\\2003 - 04\\april-2003-0021.webp",
      "original_name": "april-2003-0021",
      "is_dirty": false,
      "deleted_at": null,
      "is_starred": false,
      "source": null,
      "location": 3,
      "date": 1,
      "folder": 3,
      "view_groups": [1],
      "edit_groups": [2]
    }
  },
  {
    "model": "memoria.image",
    "pk": 9,
    "fields": {
      "created_at": "2025-05-06T14:12:56.970Z",
      "updated_at": "2025-05-06T14:13:08.538Z",
      "original_checksum": "570f20c3d3a8c307651f2cee4f7990952bcc4bb0da4516ea48a296ee56b3f63f",
      "thumbnail_checksum": "eacc7340e150f1c15c62ed30b6ccd4a116c1670879692920c51b6882540c6651",
      "full_size_checksum": "f6339df6b61125fcb2f289c71831048566cbb57e0ae534131aedd0fdcaafe777",
      "phash": "dfbbeaa228202d99",
      "file_size": 3897758,
      "height": 6334,
      "width": 9549,
      "orientation": 1,
      "description": null,
      "original": "D:\\Pictures\\Scans\\tools\\minify\\output\\Anderson\\Box 6\\2003 - 04\\april-2003-0022.webp",
      "original_name": "april-2003-0022",
      "is_dirty": false,
      "deleted_at": null,
      "is_starred": false,
      "source": null,
      "location": 3,
      "date": 1,
      "folder": 3,
      "view_groups": [1],
      "edit_groups": [2]
    }
  },
  {
    "model": "memoria.image",
    "pk": 10,
    "fields": {
      "created_at": "2025-05-06T14:13:09.327Z",
      "updated_at": "2025-05-06T14:13:20.305Z",
      "original_checksum": "9b46eb989491f2338b39ac5b3ddcb1a0bfd1fb778765d5b21d2cc5cf45f70a76",
      "thumbnail_checksum": "cbb58ac9bcc0783175e2e4bafa0605f1cab526ee1f3437ea9664041be5ae3a3b",
      "full_size_checksum": "7de92922b1b666b80131d99d07e8006feabeb1cf9ef40dea663b1982767cf679",
      "phash": "e1e5e44d835adc64",
      "file_size": 3129348,
      "height": 6388,
      "width": 9488,
      "orientation": 1,
      "description": null,
      "original": "D:\\Pictures\\Scans\\tools\\minify\\output\\Anderson\\Box 6\\2003 - 04\\april-2003-0023.webp",
      "original_name": "april-2003-0023",
      "is_dirty": false,
      "deleted_at": null,
      "is_starred": false,
      "source": null,
      "location": 4,
      "date": 1,
      "folder": 3,
      "view_groups": [1],
      "edit_groups": [2]
    }
  },
  {
    "model": "memoria.image",
    "pk": 11,
    "fields": {
      "created_at": "2025-05-06T14:13:21.320Z",
      "updated_at": "2025-05-06T14:13:35.938Z",
      "original_checksum": "510ddbe2476108af1703d619a6b020a799533744caf06c35102637a0c535f1e0",
      "thumbnail_checksum": "a81703df6620f5e935c5135197916806ffdf9869de9f90efebd7d5bab86135da",
      "full_size_checksum": "1d9acf98af3661936a344d3ab3418e25391bf7edb1be9e27828eb08c3a1ef878",
      "phash": "c66933b7c90cb133",
      "file_size": 3974254,
      "height": 6516,
      "width": 9475,
      "orientation": 1,
      "description": null,
      "original": "D:\\Pictures\\Scans\\tools\\minify\\output\\Anderson\\Box 6\\2003 - 04\\april-2003-0024.webp",
      "original_name": "april-2003-0024",
      "is_dirty": false,
      "deleted_at": null,
      "is_starred": false,
      "source": null,
      "location": 2,
      "date": 1,
      "folder": 3,
      "view_groups": [1],
      "edit_groups": [2]
    }
  },
  {
    "model": "memoria.image",
    "pk": 12,
    "fields": {
      "created_at": "2025-05-06T14:13:36.790Z",
      "updated_at": "2025-05-06T14:13:48.607Z",
      "original_checksum": "67fbda991de4b2138c7a229a44c12ceff8ae3e3d1ce03536c9ff579d513b11cf",
      "thumbnail_checksum": "254b56bb1046f939704f5004e86f26d144c0d4cd83bc517e79c539a2fe425a2a",
      "full_size_checksum": "570b5cf4c9896395c235095a29a1c85d06c2d4b94e3a886ab68127f214b0b398",
      "phash": "c635f1c682a1f9d8",
      "file_size": 3508706,
      "height": 6329,
      "width": 9478,
      "orientation": 1,
      "description": null,
      "original": "D:\\Pictures\\Scans\\tools\\minify\\output\\Anderson\\Box 6\\2003 - 04\\april-2003-0025.webp",
      "original_name": "april-2003-0025",
      "is_dirty": false,
      "deleted_at": null,
      "is_starred": false,
      "source": null,
      "location": 2,
      "date": 1,
      "folder": 3,
      "view_groups": [1],
      "edit_groups": [2]
    }
  },
  {
    "model": "memoria.image",
    "pk": 13,
    "fields": {
      "created_at": "2025-05-06T14:13:49.579Z",
      "updated_at": "2025-05-06T14:14:01.240Z",
      "original_checksum": "01a2005fcefc6f0fd3db3e59fbf8169b6c707c0422213b27429c31921a7f5877",
      "thumbnail_checksum": "3d9bec6c595b9b45c20c5e226523e9f0483f87c9595e22c2d3c8635223a51935",
      "full_size_checksum": "d290881e9d847666365d42c95a3455b935022e332e68acc13db45212a9cbb4bd",
      "phash": "c66933b5cb0cb133",
      "file_size": 3581950,
      "height": 6386,
      "width": 9450,
      "orientation": 1,
      "description": null,
      "original": "D:\\Pictures\\Scans\\tools\\minify\\output\\Anderson\\Box 6\\2003 - 04\\april-2003-0026.webp",
      "original_name": "april-2003-0026",
      "is_dirty": false,
      "deleted_at": null,
      "is_starred": false,
      "source": null,
      "location": 2,
      "date": 1,
      "folder": 3,
      "view_groups": [1],
      "edit_groups": [2]
    }
  },
  {
    "model": "memoria.image",
    "pk": 14,
    "fields": {
      "created_at": "2025-05-06T14:14:02.081Z",
      "updated_at": "2025-05-06T14:14:15.895Z",
      "original_checksum": "c79c9420181289924c6e17e1e5373259a1c6b489225084dd8de7bb09591ff5c7",
      "thumbnail_checksum": "32a91dbebb02adddc2185d5e721c60364c94bf4705fce6dc7f4a9ad7745f2735",
      "full_size_checksum": "6795cb7ef5628ad0b08f2e43375c84d5fc6e79bf68133b050fe8382f12d75c2c",
      "phash": "d36c3c93f22127b8",
      "file_size": 3897984,
      "height": 6379,
      "width": 9458,
      "orientation": 1,
      "description": null,
      "original": "D:\\Pictures\\Scans\\tools\\minify\\output\\Anderson\\Box 6\\2003 - 04\\april-2003-0027.webp",
      "original_name": "april-2003-0027",
      "is_dirty": false,
      "deleted_at": null,
      "is_starred": false,
      "source": null,
      "location": 2,
      "date": 1,
      "folder": 3,
      "view_groups": [1],
      "edit_groups": [2]
    }
  },
  {
    "model": "memoria.image",
    "pk": 15,
    "fields": {
      "created_at": "2025-05-06T14:14:16.862Z",
      "updated_at": "2025-05-06T14:14:28.354Z",
      "original_checksum": "97c0e43c824315a0b39a762da275a91b3180b69acd42a3f381c816fc5ff5441e",
      "thumbnail_checksum": "5ce435625427671cad27f05f78343b1a0458aabb47cf5a6c14223c83596bff80",
      "full_size_checksum": "167bb521807fe818dd7b16b970c5d153420a160edbd428c2e05e07897989d0e5",
      "phash": "c635e1c2a3a1f9d8",
      "file_size": 3496372,
      "height": 6354,
      "width": 9432,
      "orientation": 1,
      "description": null,
      "original": "D:\\Pictures\\Scans\\tools\\minify\\output\\Anderson\\Box 6\\2003 - 04\\april-2003-0028.webp",
      "original_name": "april-2003-0028",
      "is_dirty": false,
      "deleted_at": null,
      "is_starred": false,
      "source": null,
      "location": 2,
      "date": 1,
      "folder": 3,
      "view_groups": [1],
      "edit_groups": [2]
    }
  },
  {
    "model": "memoria.image",
    "pk": 16,
    "fields": {
      "created_at": "2025-05-06T14:14:29.243Z",
      "updated_at": "2025-05-06T14:14:41.500Z",
      "original_checksum": "b3ced3867e56c9a2dbc0d88b6a646914fd9f4dc4ee1133d787f80006b88a7d58",
      "thumbnail_checksum": "169c0b82cb8aff62272f92ce51bfe83af8fdc6fad56f98b9a5bf2564990040c5",
      "full_size_checksum": "f9f6a56a07665f2fee1094d7da98346513e3c41d67ac11ade6baa0f4b7e3dec8",
      "phash": "92ddc8b0b3c47873",
      "file_size": 4560008,
      "height": 6420,
      "width": 9467,
      "orientation": 1,
      "description": null,
      "original": "D:\\Pictures\\Scans\\tools\\minify\\output\\Anderson\\Box 6\\2003 - 04\\april-2003-0029.webp",
      "original_name": "april-2003-0029",
      "is_dirty": false,
      "deleted_at": null,
      "is_starred": false,
      "source": null,
      "location": 5,
      "date": 1,
      "folder": 3,
      "view_groups": [1],
      "edit_groups": [2]
    }
  },
  {
    "model": "memoria.image",
    "pk": 17,
    "fields": {
      "created_at": "2025-05-06T14:14:42.550Z",
      "updated_at": "2025-05-06T14:14:55.219Z",
      "original_checksum": "abfa64ef3da44599ec96bd38be92c4e5117561ae33d07f4457dfa0584b10b269",
      "thumbnail_checksum": "93bc0627e1682dd81881989adec7672d791176bc5eb26ca7402031dfc77c5d20",
      "full_size_checksum": "6ef56c39c6433e7e893a4b256dfe209a4a3d9ba666ef79a054b8200a75fcb1c3",
      "phash": "dc13432f32580ff3",
      "file_size": 5427476,
      "height": 6383,
      "width": 9453,
      "orientation": 1,
      "description": null,
      "original": "D:\\Pictures\\Scans\\tools\\minify\\output\\Anderson\\Box 6\\2003 - 04\\april-2003-0030.webp",
      "original_name": "april-2003-0030",
      "is_dirty": false,
      "deleted_at": null,
      "is_starred": false,
      "source": null,
      "location": 5,
      "date": 1,
      "folder": 3,
      "view_groups": [1],
      "edit_groups": [2]
    }
  },
  {
    "model": "memoria.image",
    "pk": 18,
    "fields": {
      "created_at": "2025-05-06T14:14:56.018Z",
      "updated_at": "2025-05-06T14:15:07.467Z",
      "original_checksum": "48f6763cc2937cec875a147ef086675102384553d507214378a97ca74c05a10c",
      "thumbnail_checksum": "9011f10aae4efc6cb84a658b96169c8dc7dfd6f162df6422a38a0e6088036ae9",
      "full_size_checksum": "4b5ee4e156c69cf920264ff8807454e638a973eb9437f8400967f1cdbf03aafc",
      "phash": "9989c016d6d6e6ea",
      "file_size": 2763296,
      "height": 6479,
      "width": 9466,
      "orientation": 1,
      "description": "Science trip to California",
      "original": "D:\\Pictures\\Scans\\tools\\minify\\output\\Anderson\\Box 6\\2003 - 04\\april-2003-0031.webp",
      "original_name": "april-2003-0031",
      "is_dirty": false,
      "deleted_at": null,
      "is_starred": false,
      "source": null,
      "location": 6,
      "date": 1,
      "folder": 3,
      "view_groups": [1],
      "edit_groups": [2]
    }
  },
  {
    "model": "memoria.image",
    "pk": 19,
    "fields": {
      "created_at": "2025-05-06T14:15:08.362Z",
      "updated_at": "2025-05-06T14:15:11.870Z",
      "original_checksum": "3300401de1c50658f165677431992968504429b2e39c18cfa1ebe4cb054a43f1",
      "thumbnail_checksum": "faa05f6e359fa5610d1ee7e46dd3cf79c90ab6b97abfa5ff380806690af0cf7a",
      "full_size_checksum": "64f2c6eec92f5954529a910e9400c698d9b8afed3d96d0bc4c23ce4c5536c2f7",
      "phash": "9ba5696a72149ccd",
      "file_size": 1879242,
      "height": 6439,
      "width": 9530,
      "orientation": 1,
      "description": "Science trip to California",
      "original": "D:\\Pictures\\Scans\\tools\\minify\\output\\Anderson\\Box 6\\2003 - 04\\april-2003-0032.webp",
      "original_name": "april-2003-0032",
      "is_dirty": false,
      "deleted_at": null,
      "is_starred": false,
      "source": null,
      "location": 6,
      "date": 1,
      "folder": 3,
      "view_groups": [1],
      "edit_groups": [2]
    }
  },
  {
    "model": "memoria.image",
    "pk": 20,
    "fields": {
      "created_at": "2025-05-06T14:15:12.651Z",
      "updated_at": "2025-05-06T14:15:23.764Z",
      "original_checksum": "f15395f27a6cad44965a95d2c45a354325ada352e664e68bc3d6dd2847a2d8a8",
      "thumbnail_checksum": "447db2541208335b85eb137c21bfc0e1b7739e6d83d69c9c602fa9618ca8a31f",
      "full_size_checksum": "72e27ea74ee263a542f70c269b8b765f13a8580e4b8ed5f469369c4b7863bb79",
      "phash": "908d78bb91f02f2e",
      "file_size": 2908220,
      "height": 6351,
      "width": 9440,
      "orientation": 1,
      "description": "Science trip to California",
      "original": "D:\\Pictures\\Scans\\tools\\minify\\output\\Anderson\\Box 6\\2003 - 04\\april-2003-0033.webp",
      "original_name": "april-2003-0033",
      "is_dirty": false,
      "deleted_at": null,
      "is_starred": false,
      "source": null,
      "location": 6,
      "date": 1,
      "folder": 3,
      "view_groups": [1],
      "edit_groups": [2]
    }
  },
  {
    "model": "memoria.image",
    "pk": 21,
    "fields": {
      "created_at": "2025-05-06T14:15:24.741Z",
      "updated_at": "2025-05-06T14:15:35.704Z",
      "original_checksum": "ff763b5f63cf0398b08d8100ac8384d4249ebe3b5a5b910b2d4fe0c6dc300611",
      "thumbnail_checksum": "e778487eb010d18b4e85f722dcdab22dd5acbe757eadf0fd0d91fd5597b3d0c4",
      "full_size_checksum": "c46246fc3dcff39593a8cd844be061769dea77a9a3bd1f474a345479f487b504",
      "phash": "d2c98f6858229df3",
      "file_size": 2557534,
      "height": 6381,
      "width": 9541,
      "orientation": 1,
      "description": "Science trip to California",
      "original": "D:\\Pictures\\Scans\\tools\\minify\\output\\Anderson\\Box 6\\2003 - 04\\april-2003-0075.webp",
      "original_name": "april-2003-0075",
      "is_dirty": false,
      "deleted_at": null,
      "is_starred": false,
      "source": null,
      "location": 7,
      "date": 1,
      "folder": 3,
      "view_groups": [1],
      "edit_groups": [2]
    }
  },
  {
    "model": "memoria.image",
    "pk": 22,
    "fields": {
      "created_at": "2025-05-06T14:15:36.494Z",
      "updated_at": "2025-05-06T14:15:47.612Z",
      "original_checksum": "a17a0ec449ee32315b5e979e20f029a5b826a4711b3a33e01e236afb32f936ff",
      "thumbnail_checksum": "a12c641c02452c738c943ee41b6ec32b99e4ae8746468c2af1c6494c5d48a28c",
      "full_size_checksum": "019e8f917562ade146da33abeb6ea412e4707ca79688c87d690774ddc3d91a53",
      "phash": "c11e3ac7f0e11cd3",
      "file_size": 2791346,
      "height": 6378,
      "width": 9532,
      "orientation": 1,
      "description": null,
      "original": "D:\\Pictures\\Scans\\tools\\minify\\output\\Anderson\\Box 6\\2003 - 04\\april-2003-0076.webp",
      "original_name": "april-2003-0076",
      "is_dirty": false,
      "deleted_at": null,
      "is_starred": false,
      "source": null,
      "location": null,
      "date": 1,
      "folder": 3,
      "view_groups": [1],
      "edit_groups": [2]
    }
  },
  {
    "model": "memoria.image",
    "pk": 23,
    "fields": {
      "created_at": "2025-05-06T14:15:48.579Z",
      "updated_at": "2025-05-06T14:15:52.263Z",
      "original_checksum": "d15a600851c5a327b69d82e43f38c9b5596f286299574a06e8f330c8528a30fd",
      "thumbnail_checksum": "63de5f107670c879e4f294ed0e80b154f2a9fdd33c34c7f18eff80edbfbf13b7",
      "full_size_checksum": "df8b3b40c6bcd2cf94dfdb2178a3da37bf294db768a9218f9202a731d268bb04",
      "phash": "d98ce473262f9b0c",
      "file_size": 2426324,
      "height": 6397,
      "width": 9548,
      "orientation": 1,
      "description": "Science trip to California",
      "original": "D:\\Pictures\\Scans\\tools\\minify\\output\\Anderson\\Box 6\\2003 - 04\\april-2003-0077.webp",
      "original_name": "april-2003-0077",
      "is_dirty": false,
      "deleted_at": null,
      "is_starred": false,
      "source": null,
      "location": 7,
      "date": 1,
      "folder": 3,
      "view_groups": [1],
      "edit_groups": [2]
    }
  },
  {
    "model": "memoria.image",
    "pk": 24,
    "fields": {
      "created_at": "2025-05-06T14:15:53.039Z",
      "updated_at": "2025-05-06T14:15:56.626Z",
      "original_checksum": "af25b6af3d0e16284d81f074e6072081ca640e27238f36232892baf0ab665288",
      "thumbnail_checksum": "ac00ec0223a06f6dc0ed8701999cd81da6d3852370e3cee42dc46b91a0303543",
      "full_size_checksum": "7c6b9ae94abab16bfa96f1257c0e756517776f89a5ffb1f02b58f5e977aaea08",
      "phash": "b4cfb17c0770c998",
      "file_size": 2106534,
      "height": 6480,
      "width": 9642,
      "orientation": 1,
      "description": null,
      "original": "D:\\Pictures\\Scans\\tools\\minify\\output\\Anderson\\Box 6\\2003 - 04\\april-2003-0078.webp",
      "original_name": "april-2003-0078",
      "is_dirty": false,
      "deleted_at": null,
      "is_starred": false,
      "source": null,
      "location": null,
      "date": 1,
      "folder": 3,
      "view_groups": [1],
      "edit_groups": [2]
    }
  },
  {
    "model": "memoria.image",
    "pk": 25,
    "fields": {
      "created_at": "2025-05-06T14:15:57.589Z",
      "updated_at": "2025-05-06T14:16:08.314Z",
      "original_checksum": "a34ac618014107e15028e52904204bae4601987929e45c109e43286a87e52399",
      "thumbnail_checksum": "47aa348d8f790f958f484cc10022fce9668eac79c647c0740c8ded77f91f0b72",
      "full_size_checksum": "fa662418d76af801401988ac5444cdad309bd2586cefb2c52742de2821433ea9",
      "phash": "d1909e3764d3738c",
      "file_size": 2420814,
      "height": 6377,
      "width": 9536,
      "orientation": 6,
      "description": null,
      "original": "D:\\Pictures\\Scans\\tools\\minify\\output\\Anderson\\Box 6\\2003 - 04\\april-2003-0079.webp",
      "original_name": "april-2003-0079",
      "is_dirty": false,
      "deleted_at": null,
      "is_starred": false,
      "source": null,
      "location": null,
      "date": 1,
      "folder": 3,
      "view_groups": [1],
      "edit_groups": [2]
    }
  },
  {
    "model": "memoria.image",
    "pk": 26,
    "fields": {
      "created_at": "2025-05-06T14:16:09.173Z",
      "updated_at": "2025-05-06T14:16:20.742Z",
      "original_checksum": "2ab6ab60c30bf15326ff5d99a8ea9fe0598c693ca243c70a0463edcdc78c6b29",
      "thumbnail_checksum": "8c23bcc40783f2ea9f407b802d5086a884910fe0e15cd943d8c14eb345003d8e",
      "full_size_checksum": "5c57ca945adb4353a070e016cd93a5022df9cffbce4796ccce9bce6bf6738317",
      "phash": "fe653093611c679c",
      "file_size": 3106164,
      "height": 9519,
      "width": 6373,
      "orientation": 6,
      "description": "Science trip to California",
      "original": "D:\\Pictures\\Scans\\tools\\minify\\output\\Anderson\\Box 6\\2003 - 04\\april-2003-0080.webp",
      "original_name": "april-2003-0080",
      "is_dirty": false,
      "deleted_at": null,
      "is_starred": false,
      "source": null,
      "location": 7,
      "date": 1,
      "folder": 3,
      "view_groups": [1],
      "edit_groups": [2]
    }
  },
  {
    "model": "memoria.image",
    "pk": 27,
    "fields": {
      "created_at": "2025-05-06T14:16:21.732Z",
      "updated_at": "2025-05-06T14:16:32.946Z",
      "original_checksum": "008239d8025064d666a35110e5d92cbea0cecd345a297299ae689d8238c5a535",
      "thumbnail_checksum": "40327048a41ed268a9b3af46d8da430c3d5f99f9e7789dc1bf5d180325377674",
      "full_size_checksum": "766f5127560dc8c9ac8100adf3915509f436dc45717961b2836b101af0110d26",
      "phash": "9e3e98a13f156b06",
      "file_size": 3139894,
      "height": 6358,
      "width": 9561,
      "orientation": 1,
      "description": "Science trip to California",
      "original": "D:\\Pictures\\Scans\\tools\\minify\\output\\Anderson\\Box 6\\2003 - 04\\april-2003-0081.webp",
      "original_name": "april-2003-0081",
      "is_dirty": false,
      "deleted_at": null,
      "is_starred": false,
      "source": null,
      "location": 7,
      "date": 1,
      "folder": 3,
      "view_groups": [1],
      "edit_groups": [2]
    }
  },
  {
    "model": "memoria.image",
    "pk": 28,
    "fields": {
      "created_at": "2025-05-06T14:16:33.719Z",
      "updated_at": "2025-05-06T14:16:44.171Z",
      "original_checksum": "ff80718afbbf29cbd09032b1bf53789047ce5d9aa127cd5ea883ee71c4a8eb82",
      "thumbnail_checksum": "0e8476fff1da83c5c2144b597d09adaa0c14087c9820f4288f16cfdebfe8d846",
      "full_size_checksum": "25a85c9d3f7248c59fb59f93a612ca2f63117be722a8b392b1c33f5805f1eabb",
      "phash": "b9b68c4c3ad9b426",
      "file_size": 2042924,
      "height": 6376,
      "width": 9538,
      "orientation": 1,
      "description": "Science trip to California",
      "original": "D:\\Pictures\\Scans\\tools\\minify\\output\\Anderson\\Box 6\\2003 - 04\\april-2003-0082.webp",
      "original_name": "april-2003-0082",
      "is_dirty": false,
      "deleted_at": null,
      "is_starred": false,
      "source": null,
      "location": 7,
      "date": 1,
      "folder": 3,
      "view_groups": [1],
      "edit_groups": [2]
    }
  },
  {
    "model": "memoria.image",
    "pk": 29,
    "fields": {
      "created_at": "2025-05-06T14:16:45.232Z",
      "updated_at": "2025-05-06T14:16:57.563Z",
      "original_checksum": "b0ecb4155c7e0d0e7f37b77197e59f02e3f331a830fe4f99acf2f74773a29d34",
      "thumbnail_checksum": "2f5d64d655f95a087c0a80e749b3f875b560a4aff218979b72c37ad800e22af7",
      "full_size_checksum": "ad381de5624f16fd62cc0b0ebc00c3449a733e60e8a322234859a9a2c8f8ea6b",
      "phash": "c6cc66d9e2caca92",
      "file_size": 4243170,
      "height": 6398,
      "width": 9524,
      "orientation": 1,
      "description": "Science trip to California",
      "original": "D:\\Pictures\\Scans\\tools\\minify\\output\\Anderson\\Box 6\\2003 - 04\\april-2003-0083.webp",
      "original_name": "april-2003-0083",
      "is_dirty": false,
      "deleted_at": null,
      "is_starred": false,
      "source": null,
      "location": 7,
      "date": 1,
      "folder": 3,
      "view_groups": [1],
      "edit_groups": [2]
    }
  },
  {
    "model": "memoria.image",
    "pk": 30,
    "fields": {
      "created_at": "2025-05-06T14:16:58.389Z",
      "updated_at": "2025-05-06T14:17:01.959Z",
      "original_checksum": "eec02531d88e98f58d6dc0597a5f87ac54059bc7fa20e1314bd7a1e93c582cfc",
      "thumbnail_checksum": "7d9906e9c9293f1493eadfd3ac48d1c6fa65f4c32e1fd1cce079c77a3f24d589",
      "full_size_checksum": "eb67e41e864430803a0a7cdbbcac3c17ede80db3e3574ce2dd50266112d2f571",
      "phash": "d5d14e8ed2209bce",
      "file_size": 2229020,
      "height": 6359,
      "width": 9534,
      "orientation": 1,
      "description": "Science trip to California",
      "original": "D:\\Pictures\\Scans\\tools\\minify\\output\\Anderson\\Box 6\\2003 - 04\\april-2003-0084.webp",
      "original_name": "april-2003-0084",
      "is_dirty": false,
      "deleted_at": null,
      "is_starred": false,
      "source": null,
      "location": 7,
      "date": 1,
      "folder": 3,
      "view_groups": [1],
      "edit_groups": [2]
    }
  },
  {
    "model": "memoria.image",
    "pk": 31,
    "fields": {
      "created_at": "2025-05-06T14:17:02.950Z",
      "updated_at": "2025-05-06T14:17:06.662Z",
      "original_checksum": "c3074a0c31361ff9a06e74a91b229bbe858e34696138c6a3d811ec3edd724e06",
      "thumbnail_checksum": "e146f23ed3d194ed4c5725eb9913d95f53b00219903a17608a58b7fec5da013d",
      "full_size_checksum": "ef959f15f90804fab9cad6a34becaae88f60c4cf6eecc17cf40087f678326c7b",
      "phash": "d18e4be07c833ed1",
      "file_size": 2319024,
      "height": 6375,
      "width": 9538,
      "orientation": 1,
      "description": "Science trip to California",
      "original": "D:\\Pictures\\Scans\\tools\\minify\\output\\Anderson\\Box 6\\2003 - 04\\april-2003-0085.webp",
      "original_name": "april-2003-0085",
      "is_dirty": false,
      "deleted_at": null,
      "is_starred": false,
      "source": null,
      "location": 7,
      "date": 1,
      "folder": 3,
      "view_groups": [1],
      "edit_groups": [2]
    }
  },
  {
    "model": "memoria.image",
    "pk": 32,
    "fields": {
      "created_at": "2025-05-06T14:17:07.433Z",
      "updated_at": "2025-05-06T14:17:11.002Z",
      "original_checksum": "a77dc53b15062b4f613aafdebafe96f6ba59b269db4abe57521de5793ffc1128",
      "thumbnail_checksum": "b5e016863a7c2ca61452e9a6221f97037484fa6e9bbc02b615412852f42d19c5",
      "full_size_checksum": "699addf952f5bb130bddc4298d3f56c955990c442f860e9758b9bf7fc07c9955",
      "phash": "81dc7e8660c5fae1",
      "file_size": 2145676,
      "height": 6375,
      "width": 9525,
      "orientation": 1,
      "description": "Science trip to California",
      "original": "D:\\Pictures\\Scans\\tools\\minify\\output\\Anderson\\Box 6\\2003 - 04\\april-2003-0086.webp",
      "original_name": "april-2003-0086",
      "is_dirty": false,
      "deleted_at": null,
      "is_starred": false,
      "source": null,
      "location": 7,
      "date": 1,
      "folder": 3,
      "view_groups": [1],
      "edit_groups": [2]
    }
  },
  {
    "model": "memoria.image",
    "pk": 33,
    "fields": {
      "created_at": "2025-05-06T14:17:12.030Z",
      "updated_at": "2025-05-06T14:17:24.067Z",
      "original_checksum": "08c31427f69ca8be4fd52771a72cc4cea8ce402b7a71afaebe59d1246e1bcb23",
      "thumbnail_checksum": "93cbfa4869d0e42b4b2e9c89c73383a2ec39c959437af32ae09992ce2b697cca",
      "full_size_checksum": "5d452cd802b8e5289bc9069bd1dcd6d9d9bee6ec836fcf647b5ed3eab3ddf8ab",
      "phash": "fa9a551d29eb8454",
      "file_size": 4488998,
      "height": 6240,
      "width": 9611,
      "orientation": 1,
      "description": "Science trip to California",
      "original": "D:\\Pictures\\Scans\\tools\\minify\\output\\Anderson\\Box 6\\2003 - 04\\april-2003-0087.webp",
      "original_name": "april-2003-0087",
      "is_dirty": false,
      "deleted_at": null,
      "is_starred": false,
      "source": null,
      "location": 7,
      "date": 1,
      "folder": 3,
      "view_groups": [1],
      "edit_groups": [2]
    }
  },
  {
    "model": "memoria.image",
    "pk": 34,
    "fields": {
      "created_at": "2025-05-06T14:17:24.897Z",
      "updated_at": "2025-05-06T14:17:36.220Z",
      "original_checksum": "405f3fd21c6c651d22b7a8afdb320f761ef0a068e77a647cc24450f33f75c87f",
      "thumbnail_checksum": "d6cb17bfc98477460ae2f426ccbed92d6cd6c53359834142873e3c4f665f054d",
      "full_size_checksum": "0a4ea5c77c76ff775f606df1f4d4f1b31ed96a4686fff1872569ff9f84ec26ff",
      "phash": "ada5161285e96a7b",
      "file_size": 3313918,
      "height": 6386,
      "width": 9554,
      "orientation": 1,
      "description": "Science trip to California",
      "original": "D:\\Pictures\\Scans\\tools\\minify\\output\\Anderson\\Box 6\\2003 - 04\\april-2003-0088.webp",
      "original_name": "april-2003-0088",
      "is_dirty": false,
      "deleted_at": null,
      "is_starred": false,
      "source": null,
      "location": 7,
      "date": 1,
      "folder": 3,
      "view_groups": [1],
      "edit_groups": [2]
    }
  },
  {
    "model": "memoria.image",
    "pk": 35,
    "fields": {
      "created_at": "2025-05-06T14:17:37.113Z",
      "updated_at": "2025-05-06T14:17:47.274Z",
      "original_checksum": "74d04c193810ab1c2f151008c0efb4965e52effc9a3762b5362c879ab232c514",
      "thumbnail_checksum": "7d64adacd12fc1e2db1f9a825ab7d3c0b72ba0866261efd8d71225409e419083",
      "full_size_checksum": "599afffc3d60854ed18f56a5fc384e067c726b07d8c38d82f0d98b408d158fc8",
      "phash": "d2eb6f5dc4c12074",
      "file_size": 2044464,
      "height": 6374,
      "width": 9520,
      "orientation": 1,
      "description": "Science trip to California",
      "original": "D:\\Pictures\\Scans\\tools\\minify\\output\\Anderson\\Box 6\\2003 - 04\\april-2003-0089.webp",
      "original_name": "april-2003-0089",
      "is_dirty": false,
      "deleted_at": null,
      "is_starred": false,
      "source": null,
      "location": 7,
      "date": 1,
      "folder": 3,
      "view_groups": [1],
      "edit_groups": [2]
    }
  },
  {
    "model": "memoria.image",
    "pk": 36,
    "fields": {
      "created_at": "2025-05-06T14:17:48.158Z",
      "updated_at": "2025-05-06T14:17:59.601Z",
      "original_checksum": "badd2207c21c2b1ed8dae0dfce1fae0e4ca16778c1459923d65fe82f430b8073",
      "thumbnail_checksum": "f1a1376fa6d1aff9e7cc9877abcf2986dba687afdf4e9ad770885033a4a71963",
      "full_size_checksum": "83ceb499283e2c9ef88d6c3a3aaa190e03923a2e35cd9bf3d99f046ef056de9b",
      "phash": "e3e3f1010e2cbde1",
      "file_size": 2904368,
      "height": 6394,
      "width": 9618,
      "orientation": 1,
      "description": "Science trip to California",
      "original": "D:\\Pictures\\Scans\\tools\\minify\\output\\Anderson\\Box 6\\2003 - 04\\april-2003-0090.webp",
      "original_name": "april-2003-0090",
      "is_dirty": false,
      "deleted_at": null,
      "is_starred": false,
      "source": null,
      "location": 7,
      "date": 1,
      "folder": 3,
      "view_groups": [1],
      "edit_groups": [2]
    }
  },
  {
    "model": "memoria.image",
    "pk": 37,
    "fields": {
      "created_at": "2025-05-06T14:18:00.593Z",
      "updated_at": "2025-05-06T14:18:13.135Z",
      "original_checksum": "b37d631393ce897c24f6a37aaa9602ed7f8989db2d35e6e9e41531e543b9ce8c",
      "thumbnail_checksum": "d02674957c9740ec584fa32a05ae5187ee867dd384ff219971b7e688b72d516e",
      "full_size_checksum": "fa29140ad58ee7c10b655a9d9737730c9816f2778e90c7a9f79d194dfcf15961",
      "phash": "c3c1ccdc98d1d1ba",
      "file_size": 5154672,
      "height": 6389,
      "width": 9539,
      "orientation": 1,
      "description": "Science trip to California",
      "original": "D:\\Pictures\\Scans\\tools\\minify\\output\\Anderson\\Box 6\\2003 - 04\\april-2003-0091.webp",
      "original_name": "april-2003-0091",
      "is_dirty": false,
      "deleted_at": null,
      "is_starred": false,
      "source": null,
      "location": 7,
      "date": 1,
      "folder": 3,
      "view_groups": [1],
      "edit_groups": [2]
    }
  },
  {
    "model": "memoria.image",
    "pk": 38,
    "fields": {
      "created_at": "2025-05-06T14:18:13.970Z",
      "updated_at": "2025-05-06T14:18:25.268Z",
      "original_checksum": "1e082e0b56e7c2053fb2e791315c1330d703ca6b3e98faddac53213f1b50f492",
      "thumbnail_checksum": "337945cb63d429945e78dc6f38f35848b283334fb8af3dbbceb1accc101c330d",
      "full_size_checksum": "418e24167c12e2262f50515f86d3212aad7877c939dbf9dc0e9a1bb7263b8df5",
      "phash": "d3e9b68d944c7249",
      "file_size": 3145078,
      "height": 6420,
      "width": 9515,
      "orientation": 1,
      "description": null,
      "original": "D:\\Pictures\\Scans\\tools\\minify\\output\\Anderson\\Box 6\\2003 - 04\\april-2003-0092.webp",
      "original_name": "april-2003-0092",
      "is_dirty": false,
      "deleted_at": null,
      "is_starred": false,
      "source": null,
      "location": 8,
      "date": 1,
      "folder": 3,
      "view_groups": [1],
      "edit_groups": [2]
    }
  },
  {
    "model": "memoria.image",
    "pk": 39,
    "fields": {
      "created_at": "2025-05-06T14:18:26.307Z",
      "updated_at": "2025-05-06T14:18:37.138Z",
      "original_checksum": "be0b933746584f125ca3ff80bf7d1c000d0be0b49119b0d8d977efb9f7280c2a",
      "thumbnail_checksum": "38b5a1035892880672373c43c132a4abe6c4ed29477b2d0260c6dca83da5389b",
      "full_size_checksum": "ddbc792f98ddd2a0eb03ec26139869b82de9fd774e647bae3ed3df52c46286d0",
      "phash": "c1f39d8f4e622923",
      "file_size": 3114156,
      "height": 6346,
      "width": 9470,
      "orientation": 1,
      "description": null,
      "original": "D:\\Pictures\\Scans\\tools\\minify\\output\\Anderson\\Box 6\\2003 - 04\\april-2003-0093.webp",
      "original_name": "april-2003-0093",
      "is_dirty": false,
      "deleted_at": null,
      "is_starred": false,
      "source": null,
      "location": 8,
      "date": 1,
      "folder": 3,
      "view_groups": [1],
      "edit_groups": [2]
    }
  },
  {
    "model": "memoria.image",
    "pk": 40,
    "fields": {
      "created_at": "2025-05-06T14:18:37.939Z",
      "updated_at": "2025-05-06T14:18:48.732Z",
      "original_checksum": "769b4c7d93e04290b33802f7fe77e6a83dd347d46ebb52e76998519709117bb4",
      "thumbnail_checksum": "e7647a685d1a2e3cbdf720c6851983b4d1a51f7d1bfdb0da201ac1cda18c0058",
      "full_size_checksum": "580ffef282ce28910816af1accc97a955161aca6bfebddfd7f782e9bc0ce3e53",
      "phash": "c7a6a99819676e26",
      "file_size": 3120584,
      "height": 6403,
      "width": 9490,
      "orientation": 1,
      "description": null,
      "original": "D:\\Pictures\\Scans\\tools\\minify\\output\\Anderson\\Box 6\\2003 - 04\\april-2003-0094.webp",
      "original_name": "april-2003-0094",
      "is_dirty": false,
      "deleted_at": null,
      "is_starred": false,
      "source": null,
      "location": 8,
      "date": 1,
      "folder": 3,
      "view_groups": [1],
      "edit_groups": [2]
    }
  },
  {
    "model": "memoria.image",
    "pk": 41,
    "fields": {
      "created_at": "2025-05-06T14:18:49.690Z",
      "updated_at": "2025-05-06T14:19:00.715Z",
      "original_checksum": "5622aabfaad7942672d068edbf8880df7bd9fed7a3c3eb5b089916c359346233",
      "thumbnail_checksum": "8730007249518d0e07a1ec593cbf3d9309e10142bf08d83a8b8b9578f14a4099",
      "full_size_checksum": "58efa619b952f65ff453feb040ee3736054dd97afd37be49d7fae2116bbaa3db",
      "phash": "c2e79cac18654b6b",
      "file_size": 3258678,
      "height": 6400,
      "width": 9532,
      "orientation": 1,
      "description": null,
      "original": "D:\\Pictures\\Scans\\tools\\minify\\output\\Anderson\\Box 6\\2003 - 04\\april-2003-0095.webp",
      "original_name": "april-2003-0095",
      "is_dirty": false,
      "deleted_at": null,
      "is_starred": false,
      "source": null,
      "location": 8,
      "date": 1,
      "folder": 3,
      "view_groups": [1],
      "edit_groups": [2]
    }
  },
  {
    "model": "memoria.image",
    "pk": 42,
    "fields": {
      "created_at": "2025-05-06T14:19:01.494Z",
      "updated_at": "2025-05-06T14:19:12.477Z",
      "original_checksum": "ae6cef4960d4d9453455a07486e9afa95bcaff5dcb244206e5e77ef47b5dc19c",
      "thumbnail_checksum": "f7608829b56dba77d89a8b9998ee40e9dddbda92d3f773bf40f83367bbb2f87e",
      "full_size_checksum": "553aeda72fb9d37ff34fc29e834f712fedf1341d7e424a151116fa3b6b8bd8cf",
      "phash": "9f7ec85f328158a2",
      "file_size": 2674036,
      "height": 6365,
      "width": 9717,
      "orientation": 1,
      "description": null,
      "original": "D:\\Pictures\\Scans\\tools\\minify\\output\\Anderson\\Box 6\\Loose\\loose-0001.webp",
      "original_name": "loose-0001",
      "is_dirty": false,
      "deleted_at": null,
      "is_starred": false,
      "source": null,
      "location": null,
      "date": null,
      "folder": 4,
      "view_groups": [1],
      "edit_groups": [2]
    }
  },
  {
    "model": "memoria.image",
    "pk": 43,
    "fields": {
      "created_at": "2025-05-06T14:19:13.474Z",
      "updated_at": "2025-05-06T14:19:25.048Z",
      "original_checksum": "2e8e897ad21fd30efa041f503d5be61fc62b5bdc416340a72f09b45392806e44",
      "thumbnail_checksum": "a9daf066154f808f681b9156a15685616c56ea607ddbf584da90544f6b525b5a",
      "full_size_checksum": "212c1a3460328b4208ee6e09f8ed62b5c55090faedf38f4f6701d1e3bd93e7c0",
      "phash": "ae3a64ed9fc1114a",
      "file_size": 3988462,
      "height": 6422,
      "width": 9552,
      "orientation": 1,
      "description": null,
      "original": "D:\\Pictures\\Scans\\tools\\minify\\output\\Anderson\\Box 6\\Loose\\loose-0002.webp",
      "original_name": "loose-0002",
      "is_dirty": false,
      "deleted_at": null,
      "is_starred": false,
      "source": null,
      "location": null,
      "date": null,
      "folder": 4,
      "view_groups": [1],
      "edit_groups": [2]
    }
  },
  {
    "model": "memoria.image",
    "pk": 44,
    "fields": {
      "created_at": "2025-05-06T14:19:25.809Z",
      "updated_at": "2025-05-06T14:19:36.218Z",
      "original_checksum": "666c95aaaba2e049db7b24ee9469cac4d2ab0c4672247c211d03df58acfae815",
      "thumbnail_checksum": "1583412412f29b30939d58f254d6420a7d3a01417ee00efeac2daeaed8623416",
      "full_size_checksum": "2f0d54c6e6a94ce55b90a30250ecea7196934ce60ec094d70bd19fc87afb4dc5",
      "phash": "ddd5d59929628a34",
      "file_size": 2358618,
      "height": 6454,
      "width": 9545,
      "orientation": 1,
      "description": null,
      "original": "D:\\Pictures\\Scans\\tools\\minify\\output\\Anderson\\Box 6\\Loose\\loose-0003.webp",
      "original_name": "loose-0003",
      "is_dirty": false,
      "deleted_at": null,
      "is_starred": false,
      "source": null,
      "location": null,
      "date": null,
      "folder": 4,
      "view_groups": [1],
      "edit_groups": [2]
    }
  },
  {
    "model": "memoria.image",
    "pk": 45,
    "fields": {
      "created_at": "2025-05-06T14:19:37.150Z",
      "updated_at": "2025-05-06T14:19:47.955Z",
      "original_checksum": "e043a30f7af1ac74edce015b786a0cff5090d34f9999ab668f12c267a64118a9",
      "thumbnail_checksum": "8b10affef11dfccaba63b3b461a86d568c258ae5042a63d23ce2d3b7867b5d08",
      "full_size_checksum": "2aff3dbe70fab590d9445d6510e63accd909adfdd74a2e36caafbdadb19a1ad0",
      "phash": "d8e5d5d921ca60ea",
      "file_size": 2635060,
      "height": 6453,
      "width": 9551,
      "orientation": 1,
      "description": null,
      "original": "D:\\Pictures\\Scans\\tools\\minify\\output\\Anderson\\Box 6\\Loose\\loose-0004.webp",
      "original_name": "loose-0004",
      "is_dirty": false,
      "deleted_at": null,
      "is_starred": false,
      "source": null,
      "location": null,
      "date": null,
      "folder": 4,
      "view_groups": [1],
      "edit_groups": [2]
    }
  },
  {
    "model": "memoria.image",
    "pk": 46,
    "fields": {
      "created_at": "2025-05-06T14:19:48.963Z",
      "updated_at": "2025-05-06T14:20:01.293Z",
      "original_checksum": "02bd61cc6d7fe1507b8e65f5f33af665614d3e859a1f189c2ebea2a016c2691f",
      "thumbnail_checksum": "1b7de339b09610cac27460fc99adf17285dc42bce89c449e04967729c2cdbcc0",
      "full_size_checksum": "b5e41d03ee815a2fa93f2034eeb297c8c17f208293e1779ba8d3d6d98f0d9e57",
      "phash": "f76deaf2716480c0",
      "file_size": 4451050,
      "height": 6421,
      "width": 9552,
      "orientation": 1,
      "description": null,
      "original": "D:\\Pictures\\Scans\\tools\\minify\\output\\Anderson\\Box 6\\Loose\\loose-0005.webp",
      "original_name": "loose-0005",
      "is_dirty": false,
      "deleted_at": null,
      "is_starred": false,
      "source": null,
      "location": null,
      "date": null,
      "folder": 4,
      "view_groups": [1],
      "edit_groups": [2]
    }
  },
  {
    "model": "memoria.image",
    "pk": 47,
    "fields": {
      "created_at": "2025-05-06T14:20:02.322Z",
      "updated_at": "2025-05-06T14:20:14.531Z",
      "original_checksum": "5a38889d86c3764c8bfe4b89ad8e682ba521cb09b086454b1495c1e8b5d10c03",
      "thumbnail_checksum": "42fd6ef8f2531c10f63ebca907dbb7c7363d6111c5d8b5578f1d339ae2b69872",
      "full_size_checksum": "4b9c8f92022695703ded8b4c560d87a8443d3ee749e0b02c6fd55878a0c04070",
      "phash": "f470e9c136b429e5",
      "file_size": 4109212,
      "height": 9542,
      "width": 6423,
      "orientation": 1,
      "description": null,
      "original": "D:\\Pictures\\Scans\\tools\\minify\\output\\Anderson\\Box 6\\Loose\\loose-0006.webp",
      "original_name": "loose-0006",
      "is_dirty": false,
      "deleted_at": null,
      "is_starred": false,
      "source": null,
      "location": null,
      "date": null,
      "folder": 4,
      "view_groups": [1],
      "edit_groups": [2]
    }
  },
  {
    "model": "memoria.image",
    "pk": 48,
    "fields": {
      "created_at": "2025-05-06T14:20:15.317Z",
      "updated_at": "2025-05-06T14:20:25.794Z",
      "original_checksum": "fc104aaab459b34cb678a21b16be7389e00b3c0e115196439bbcc74b2614503d",
      "thumbnail_checksum": "b2dbac6a0ff6ab8b9ca55754d08f160b56adb570971b4fac37f5638746e81d06",
      "full_size_checksum": "0351e35dbd2af91380ebef238644c9e632167a1e79ec231a4f2be9efa0f721cf",
      "phash": "ddd5d59929628a34",
      "file_size": 2543678,
      "height": 6398,
      "width": 9550,
      "orientation": 1,
      "description": null,
      "original": "D:\\Pictures\\Scans\\tools\\minify\\output\\Anderson\\Box 6\\Loose\\loose-0007.webp",
      "original_name": "loose-0007",
      "is_dirty": false,
      "deleted_at": null,
      "is_starred": false,
      "source": null,
      "location": null,
      "date": null,
      "folder": 4,
      "view_groups": [1],
      "edit_groups": [2]
    }
  },
  {
    "model": "memoria.image",
    "pk": 49,
    "fields": {
      "created_at": "2025-05-06T14:20:26.741Z",
      "updated_at": "2025-05-06T14:20:37.368Z",
      "original_checksum": "0c25c523406ee220b19b1127e519476b93c688afeb68c4849f262f0c2037d0b5",
      "thumbnail_checksum": "e58e9ce43f5c21fd2679e10375372fc483d8585eefdd057a4d8d4f432279ae8f",
      "full_size_checksum": "0b668a2170817e528ef74adcc2d013bf63556a0ab98cf6cc913da03a690da3aa",
      "phash": "d8e5d5d921ca60cb",
      "file_size": 2534826,
      "height": 6422,
      "width": 9549,
      "orientation": 1,
      "description": null,
      "original": "D:\\Pictures\\Scans\\tools\\minify\\output\\Anderson\\Box 6\\Loose\\loose-0008.webp",
      "original_name": "loose-0008",
      "is_dirty": false,
      "deleted_at": null,
      "is_starred": false,
      "source": null,
      "location": null,
      "date": null,
      "folder": 4,
      "view_groups": [1],
      "edit_groups": [2]
    }
  },
  {
    "model": "memoria.image",
    "pk": 50,
    "fields": {
      "created_at": "2025-05-06T14:20:38.172Z",
      "updated_at": "2025-05-06T14:20:49.439Z",
      "original_checksum": "36224366ec9a536368b1b13085af9bad8400f4a62e3ee4176915b6b9715ab8a0",
      "thumbnail_checksum": "6603a924be4d3ba810003b34afc2b8f2c2a64da79e314ecf27f18c443286a21d",
      "full_size_checksum": "dca335c3a271e5518e5ba06b8a023c3fbe7149387e50736accb520e906274d76",
      "phash": "db399ad86504d83b",
      "file_size": 3019804,
      "height": 9545,
      "width": 6457,
      "orientation": 1,
      "description": null,
      "original": "D:\\Pictures\\Scans\\tools\\minify\\output\\Anderson\\Box 6\\Loose\\loose-0009.webp",
      "original_name": "loose-0009",
      "is_dirty": false,
      "deleted_at": null,
      "is_starred": false,
      "source": null,
      "location": null,
      "date": null,
      "folder": 4,
      "view_groups": [1],
      "edit_groups": [2]
    }
  },
  {
    "model": "memoria.image",
    "pk": 51,
    "fields": {
      "created_at": "2025-05-06T14:20:50.505Z",
      "updated_at": "2025-05-06T14:21:02.365Z",
      "original_checksum": "a10895a4eae229ac5da36fca60d25aabed144783c451655dc1483d894001990d",
      "thumbnail_checksum": "44f67039a407518ad05e6dd0b3e5399d3921d269bc35117476fe553f2a0b9fc1",
      "full_size_checksum": "f35ab1862a3011d04bb4166cbeb5c2a2e255220410cc07fdfa86b73352e49d18",
      "phash": "c9249bed300fef60",
      "file_size": 4694644,
      "height": 6325,
      "width": 9621,
      "orientation": 1,
      "description": "Water quality project",
      "original": "D:\\Pictures\\Scans\\tools\\minify\\output\\Anderson\\Box 6\\Loose\\loose-0010.webp",
      "original_name": "loose-0010",
      "is_dirty": false,
      "deleted_at": null,
      "is_starred": false,
      "source": null,
      "location": null,
      "date": null,
      "folder": 4,
      "view_groups": [1],
      "edit_groups": [2]
    }
  },
  {
    "model": "memoria.image",
    "pk": 52,
    "fields": {
      "created_at": "2025-05-06T14:21:03.246Z",
      "updated_at": "2025-05-06T14:21:15.112Z",
      "original_checksum": "2b12e27ca946f99ed0e24116c976814b50b6e4ef18c6950d7a04b4c26c05967a",
      "thumbnail_checksum": "e7093b6f96939d4ddb470384d6ce20f57c1362a71e017d5f29b89c1c2815a2b9",
      "full_size_checksum": "68db563df53a287ca9b3db2e6b4b339d10a5d8791136a9aa2b08aa4435f83f40",
      "phash": "cc120ee3f08937ee",
      "file_size": 4470382,
      "height": 6327,
      "width": 9583,
      "orientation": 1,
      "description": "Water quality project",
      "original": "D:\\Pictures\\Scans\\tools\\minify\\output\\Anderson\\Box 6\\Loose\\loose-0011.webp",
      "original_name": "loose-0011",
      "is_dirty": false,
      "deleted_at": null,
      "is_starred": false,
      "source": null,
      "location": null,
      "date": null,
      "folder": 4,
      "view_groups": [1],
      "edit_groups": [2]
    }
  },
  {
    "model": "memoria.image",
    "pk": 53,
    "fields": {
      "created_at": "2025-05-06T14:21:16.175Z",
      "updated_at": "2025-05-06T14:21:28.307Z",
      "original_checksum": "b0f1ec9ba7d1c3ee99660b918eda424df9602a864ffe0c8cec38d14f5bf2569a",
      "thumbnail_checksum": "45e7ff441412c4fa62560557bb845da7a69e91db0a9f8c71470db768a0cae6d4",
      "full_size_checksum": "971ceb34364534d21304929098080c4dc3521f7b056de85b767fc56cb52b55c8",
      "phash": "c43b3ec9c24d1b65",
      "file_size": 4740486,
      "height": 6314,
      "width": 9551,
      "orientation": 1,
      "description": "Water quality project",
      "original": "D:\\Pictures\\Scans\\tools\\minify\\output\\Anderson\\Box 6\\Loose\\loose-0012.webp",
      "original_name": "loose-0012",
      "is_dirty": false,
      "deleted_at": null,
      "is_starred": false,
      "source": null,
      "location": null,
      "date": null,
      "folder": 4,
      "view_groups": [1],
      "edit_groups": [2]
    }
  },
  {
    "model": "memoria.image",
    "pk": 54,
    "fields": {
      "created_at": "2025-05-06T14:21:29.176Z",
      "updated_at": "2025-05-06T14:21:40.840Z",
      "original_checksum": "15448d5c50e965737b3d4436bf3fa137edb29ceac1c0a13a9e659d1edeba88b3",
      "thumbnail_checksum": "1a370513d72cc6ccc74ad414c3e1081fcd82fc10dacfacabe26ac8396603aff6",
      "full_size_checksum": "1caea79243d12050a1d031aaac103750ea60913f5b4258a4492d2c64c9832b5e",
      "phash": "d62b3ddcc30335d0",
      "file_size": 4244122,
      "height": 6225,
      "width": 9486,
      "orientation": 1,
      "description": "Water quality project",
      "original": "D:\\Pictures\\Scans\\tools\\minify\\output\\Anderson\\Box 6\\Loose\\loose-0013.webp",
      "original_name": "loose-0013",
      "is_dirty": false,
      "deleted_at": null,
      "is_starred": false,
      "source": null,
      "location": null,
      "date": null,
      "folder": 4,
      "view_groups": [1],
      "edit_groups": [2]
    }
  },
  {
    "model": "memoria.image",
    "pk": 55,
    "fields": {
      "created_at": "2025-05-06T14:21:41.842Z",
      "updated_at": "2025-05-06T14:21:53.223Z",
      "original_checksum": "bd455fe64a8bca4d720d8d801a297eece8c8226a6ca3c45f993d37430d82c96b",
      "thumbnail_checksum": "5189da29cff2abe58f1b1342988c808b09935fb6ee6502e8ee21f869da64f53b",
      "full_size_checksum": "f1da3bad0ffc78c5a04d3c3c91a50a236845e52edfdf8973cccdcd63e650e703",
      "phash": "8b30664f9936679c",
      "file_size": 3450934,
      "height": 6327,
      "width": 9547,
      "orientation": 1,
      "description": "Water quality project",
      "original": "D:\\Pictures\\Scans\\tools\\minify\\output\\Anderson\\Box 6\\Loose\\loose-0014.webp",
      "original_name": "loose-0014",
      "is_dirty": false,
      "deleted_at": null,
      "is_starred": false,
      "source": null,
      "location": null,
      "date": null,
      "folder": 4,
      "view_groups": [1],
      "edit_groups": [2]
    }
  },
  {
    "model": "memoria.image",
    "pk": 56,
    "fields": {
      "created_at": "2025-05-06T14:21:54.093Z",
      "updated_at": "2025-05-06T14:22:05.518Z",
      "original_checksum": "9ad9d0328bafb58daa5e4d41aea74d6f3fd8a4cb605cbcd2a30b50f00af6c877",
      "thumbnail_checksum": "2b3c3b0f149f2c3abdf7a0e654bd037a04536d71f40b0d315ec51f5427e87274",
      "full_size_checksum": "8e1c80fd746be6f2830f99f186e3b1458edc4b20a96174db1bbcb84c30c6cc02",
      "phash": "cb8e3061d99e1f70",
      "file_size": 3694756,
      "height": 9561,
      "width": 6356,
      "orientation": 1,
      "description": "Water quality project",
      "original": "D:\\Pictures\\Scans\\tools\\minify\\output\\Anderson\\Box 6\\Loose\\loose-0015.webp",
      "original_name": "loose-0015",
      "is_dirty": false,
      "deleted_at": null,
      "is_starred": false,
      "source": null,
      "location": null,
      "date": null,
      "folder": 4,
      "view_groups": [1],
      "edit_groups": [2]
    }
  },
  {
    "model": "memoria.image",
    "pk": 57,
    "fields": {
      "created_at": "2025-05-06T14:22:06.570Z",
      "updated_at": "2025-05-06T14:22:18.689Z",
      "original_checksum": "00a27fae252a5102f4ac46560151ca1dac48fa70307f10b2406498f081781cbe",
      "thumbnail_checksum": "c016d8a6752b2e159249e4c53a34bfaf4c40078eae49730da19867bef1781aae",
      "full_size_checksum": "3cec4c563415af307552479245fdf670909eeb3adc7300c5eb00c8197adb28e7",
      "phash": "8682227a79f37359",
      "file_size": 4545110,
      "height": 9543,
      "width": 6356,
      "orientation": 1,
      "description": "Water quality project",
      "original": "D:\\Pictures\\Scans\\tools\\minify\\output\\Anderson\\Box 6\\Loose\\loose-0016.webp",
      "original_name": "loose-0016",
      "is_dirty": false,
      "deleted_at": null,
      "is_starred": false,
      "source": null,
      "location": null,
      "date": null,
      "folder": 4,
      "view_groups": [1],
      "edit_groups": [2]
    }
  },
  {
    "model": "memoria.image",
    "pk": 58,
    "fields": {
      "created_at": "2025-05-06T14:22:19.538Z",
      "updated_at": "2025-05-06T14:22:31.265Z",
      "original_checksum": "8b236f93b0bc9f94d04e2260e39483f7725c670877047e3702f522bc4749cdcb",
      "thumbnail_checksum": "3c3f866d46493a52e261be929a377f22617c694fb03315d73038fca9aaa740f7",
      "full_size_checksum": "afbdb24ebe06df0d13e30f4672ca53ae1de92b97f2ca893e62bdb35ef77a7338",
      "phash": "f28808687f676747",
      "file_size": 3711332,
      "height": 9543,
      "width": 6324,
      "orientation": 1,
      "description": "Water quality project",
      "original": "D:\\Pictures\\Scans\\tools\\minify\\output\\Anderson\\Box 6\\Loose\\loose-0017.webp",
      "original_name": "loose-0017",
      "is_dirty": false,
      "deleted_at": null,
      "is_starred": false,
      "source": null,
      "location": null,
      "date": null,
      "folder": 4,
      "view_groups": [1],
      "edit_groups": [2]
    }
  },
  {
    "model": "memoria.image",
    "pk": 59,
    "fields": {
      "created_at": "2025-05-06T14:22:32.203Z",
      "updated_at": "2025-05-06T14:22:35.623Z",
      "original_checksum": "368d58d59607a123974bdc641553f7c110fe9c6b55fc90312fc35d8a29b90cfb",
      "thumbnail_checksum": "3326586f9bd78fe4ef87b104bc88cd52c2bf230a9bf3c96638bd548e15546e32",
      "full_size_checksum": "4e0e60f07400f8ce121ab4d5f519047245624899338d0d98b3d81cd6793cc73b",
      "phash": "cd3174cf81d930e6",
      "file_size": 2115702,
      "height": 6382,
      "width": 9560,
      "orientation": 1,
      "description": "Water quality project",
      "original": "D:\\Pictures\\Scans\\tools\\minify\\output\\Anderson\\Box 6\\Loose\\loose-0018.webp",
      "original_name": "loose-0018",
      "is_dirty": false,
      "deleted_at": null,
      "is_starred": false,
      "source": null,
      "location": null,
      "date": null,
      "folder": 4,
      "view_groups": [1],
      "edit_groups": [2]
    }
  },
  {
    "model": "memoria.userprofile",
    "pk": 1,
    "fields": {
      "created_at": "2025-05-06T14:30:22.309Z",
      "updated_at": "2025-05-06T14:30:22.309Z",
      "user": 1,
      "bio": "",
      "items_per_page": 30,
      "timezone": "America/Los_Angeles"
    }
  }
]
